ticker,sector,roe,net_margin,operating_margin,debt_to_equity,current_ratio,volatility_risk,fcf_yield_revenue,total_assets,label
MMM,Industrials,0.72920996,0.137,0.24367,281.904,1.842,1.152,0.025961342828077313,39868000000.0,Overvalued
AOS,Industrials,0.28209,0.13851,0.18631001,12.063,1.544,1.336,0.12409313532909039,3240000000.0,Overvalued
ABT,Healthcare,0.3062,0.3188,0.19395,25.31,1.703,0.719,0.15139451728247913,81414000000.0,Overvalued
ABBV,Healthcare,1.37961,0.04004,0.35497,,0.725,0.352,0.31654063265523485,135161000000.0,Overvalued
ACN,Technology,0.25509,0.11021,0.1522,25.38,1.42,1.262,0.15607715456166024,65394897000.0,Overvalued
ADBE,Technology,0.52875,0.30012,0.36289,56.542,1.019,1.536,0.36610090676586843,30230000000.0,Overvalued
AMD,Technology,0.05317,0.10323,0.13736,6.366,2.308,1.913,0.09327128175295715,69226000000.0,Overvalued
AES,Utilities,0.05106,0.0874,0.20501,302.896,0.723,1.003,-0.37791171200521256,47406000000.0,Undervalued
AFL,Financial Services,0.1558,0.23552,0.4327,50.003,1.089,0.66,,117566000000.0,Undervalued
A,Healthcare,0.19881001,0.17973,0.23188,56.421,2.248,1.279,0.2109062980030722,11846000000.0,Overvalued
ABNB,Consumer Cyclical,0.30776,0.2203,0.39683,26.458,1.392,1.112,,20959000000.0,Overvalued
AKAM,Technology,0.10642,0.12262999,0.15743,110.548,2.281,0.701,0.20893733363266093,10368785000.0,Undervalued
ALGN,Healthcare,0.095769994,0.095010005,0.15673,3.064,1.289,1.868,0.155701208198425,6214600000.0,Overvalued
ALLE,Industrials,0.36411,0.16092,0.21856001,116.084,1.771,1.043,0.1545252107523461,4487800000.0,Overvalued
LNT,Utilities,0.11461,0.19139,0.28843,163.145,0.825,0.658,-0.014318010550113038,22714000000.0,Overvalued
ALL,Financial Services,0.34469002,0.12533,0.24439,29.43,0.426,0.258,0.13730614815397937,111617000000.0,Undervalued
GOOGL,Communication Services,0.3545,0.32233003,0.30512,11.424,1.747,1.082,0.20788645155392008,450256000000.0,Undervalued
GOOG,Communication Services,0.3545,0.32233003,0.30512,11.424,1.747,1.082,0.20788645155392008,450256000000.0,Undervalued
MO,Consumer Defensive,,0.4398,0.62826,,0.618,0.504,0.42119937389943257,35177000000.0,Overvalued
AMZN,Consumer Cyclical,0.24327,0.11063,0.11057,43.405,1.009,1.368,0.05153622724971354,624894000000.0,Undervalued
AMCR,Consumer Cyclical,0.07467,0.03345,0.0933,134.68,1.042,0.689,0.053967619428342994,37066000000.0,Overvalued
AEE,Utilities,0.11387,0.1634,0.34,155.736,0.93,0.585,-0.21605667060212513,44598000000.0,Undervalued
AEP,Utilities,0.12923001,0.17228001,0.25885,152.132,0.686,0.601,-0.048997784121736394,103078000000.0,Overvalued
AXP,Financial Services,0.33935001,0.16143999,0.22052999,185.273,1.602,1.147,0.18406647560994102,271461000000.0,Overvalued
AIG,Financial Services,0.07688,0.120170005,0.15235,22.48,0.617,0.622,,161322000000.0,Undervalued
AMT,Real Estate,0.28839,0.28106,0.45477,418.09,0.59,0.917,0.3654020854727862,61077400000.0,Undervalued
AWK,Utilities,0.10457,0.21933001,0.42591,140.983,0.421,0.753,-0.2055935098206661,32830000000.0,Overvalued
AMP,Financial Services,0.59589,0.19586,0.37298,54.222,2.433,1.263,0.3718141797961075,181403000000.0,Undervalued
AME,Industrials,0.14632,0.20502001,0.25787002,26.09,1.155,1.045,0.24517056177768046,14631169000.0,Overvalued
AMGN,Healthcare,0.8171,0.19474001,0.34153,567.491,1.28,0.461,0.31097415031115366,91839000000.0,Overvalued
APH,Technology,0.34807998,0.18218,0.27481002,63.99,2.07,1.194,0.14119045898559388,21440200000.0,Undervalued
ADI,Technology,0.05652,0.18847999,0.28551,25.541,2.324,1.05,0.33117789382313245,48228277000.0,Overvalued
AON,Financial Services,0.3769,0.15962,0.20365,214.88,1.058,0.837,0.17944961141546695,48965000000.0,Undervalued
APA,Energy,0.27427998,0.16093999,0.27281,66.895,0.775,0.763,0.07281503543185786,19390000000.0,Overvalued
APO,Financial Services,0.16549,0.15777001,0.29920998,94.598,1.986,1.61,,377895000000.0,Undervalued
AAPL,Technology,1.7142199,0.26915002,0.31647,152.411,0.893,1.109,0.23732882225869315,359241000000.0,Undervalued
AMAT,Technology,0.35508,0.24669,0.27838,32.109,2.61,1.674,,34409000000.0,Overvalued
APTV,Consumer Cyclical,0.03294,0.01464,0.114350006,85.425,1.793,1.514,0.08197636077715213,23458000000.0,Overvalued
ACGL,Financial Services,0.17811,0.20959,0.30691,11.501,0.564,0.453,0.3911399881866509,70906000000.0,Undervalued
ADM,Consumer Defensive,0.05242,0.01429,0.01949,40.467,1.372,0.686,0.014345843563661873,53271000000.0,Undervalued
ANET,Technology,0.31736,0.3973,0.42378,,3.254,1.392,0.5249359359350784,14043921000.0,Overvalued
AJG,Financial Services,0.090670004,0.13257,0.17212,58.979,1.055,0.686,0.2112523691247869,64255200000.0,Overvalued
AIZ,Financial Services,0.15413,0.06753,0.11153,38.316,0.41,0.58,0.09357187960429383,35020600000.0,Undervalued
T,Communication Services,0.19139999,0.17870001,0.2158,124.412,1.013,0.598,0.15128825529688728,394795000000.0,Overvalued
ATO,Utilities,0.09323,0.2549,0.30696,68.616,0.773,0.749,-0.32150154537074543,28249522000.0,Undervalued
ADSK,Technology,0.402,0.15791,0.25865,100.7,0.764,1.477,0.24547382156255096,10833000000.0,Overvalued
ADP,Technology,0.70572996,0.19788,0.25891,154.917,1.054,0.858,0.2136433716422919,53369300000.0,Overvalued
AZO,Consumer Cyclical,,0.13191,0.19159001,,0.876,0.41,0.0945196023574353,19355324000.0,Overvalued
AVB,Real Estate,0.09754,0.38122,0.2928,73.165,0.707,0.748,0.48386052783399575,21000737000.0,Overvalued
AVY,Consumer Cyclical,0.30211002,0.07932,0.12687999,171.013,1.264,1.015,0.07983370832714688,8404200000.0,Overvalued
AXON,Industrials,0.10028,0.100509994,-0.00229,69.33,3.124,1.369,0.15823427894777783,4474588000.0,Overvalued
BKR,Energy,0.1689,0.104329996,0.13524,33.042,1.409,0.894,0.07380789823565345,38363000000.0,Overvalued
BALL,Consumer Cyclical,0.117469996,0.05357,0.11542,138.426,1.105,1.141,-0.03128444256040695,17628000000.0,Undervalued
BAC,Financial Services,0.09871,0.29224002,0.35292998,,,1.304,,3261519000000.0,Undervalued
BDX,Healthcare,0.06544,0.07683,0.14958,75.545,1.113,0.285,,57286000000.0,Overvalued
BRK-B,Financial Services,0.1017,0.18129,0.41103,18.166,2.722,0.709,0.027381244224858096,1153881000000.0,Undervalued
BBY,Consumer Cyclical,0.26722,0.0187,0.03867,150.074,1.038,1.389,0.0335195530726257,14782000000.0,Overvalued
TECH,Healthcare,0.038,0.06409,0.1451,20.067,4.217,1.467,0.2103498177733502,2557868000.0,Overvalued
BIIB,Healthcare,0.09307,0.1598,0.30718002,36.194,2.716,0.145,0.2599964861149867,28049300000.0,Undervalued
BLK,Financial Services,0.120740004,0.26638,0.3214,24.32,2.256,1.481,0.23036213064144656,138615000000.0,Overvalued
BX,Financial Services,0.26457,0.2117,0.44629002,65.942,1.004,1.762,0.312907962461141,43469875000.0,Overvalued
XYZ,Technology,0.14692001,0.13081001,0.06871,36.049,2.183,2.651,0.06440029794719161,36777595000.0,Undervalued
BK,Financial Services,0.121520005,0.26568002,0.37402,,,1.123,-0.04283054003724395,416064000000.0,Undervalued
BKNG,Consumer Cyclical,,0.19371,0.44904998,,1.334,1.251,0.33253296263532583,27708000000.0,Overvalued
BSX,Healthcare,0.12488,0.1443,0.20731,50.973,1.508,0.674,0.1412193228637965,39395000000.0,Undervalued
BMY,Healthcare,0.33777002,0.12572,0.31566,274.414,1.266,0.309,0.28865424430641823,92603000000.0,Undervalued
AVGO,Technology,0.27083,0.31592,0.31765,166.032,1.497,1.21,0.37642998410051576,165645000000.0,Undervalued
BR,Technology,0.38215,0.13112001,0.118719995,132.063,0.927,0.997,0.15334368785472705,8545000000.0,Undervalued
BRO,Financial Services,0.10695,0.18691999,0.24129,64.746,1.182,0.816,0.23209351753453772,17612000000.0,Overvalued
BF-B,Consumer Defensive,0.22649,0.21378,0.27165002,67.728,2.791,0.41,0.10842767295597484,8086000000.0,Overvalued
BLDR,Industrials,0.13555999,0.03795,0.05805,117.723,1.786,1.561,0.09098038034468722,10583086000.0,Overvalued
BG,Consumer Defensive,0.09758,0.02201,0.02194,102.816,1.66,0.78,0.009866686751525194,24899000000.0,Overvalued
CHRW,Industrials,0.34318,0.03636,0.05578,80.904,1.585,0.909,0.024530159623527416,5297926000.0,Undervalued
CDNS,Technology,0.21736,0.20354,0.35089,47.685,3.048,1.043,0.24088459523095432,8974482000.0,Overvalued
CPT,Real Estate,0.059310004,0.1705,0.15994,81.136,0.052,0.832,0.24687889045640682,8852144000.0,Overvalued
CPB,Consumer Defensive,0.15636,0.058709998,0.13098,184.734,0.768,-0.055,0.06876036282063787,14896000000.0,Overvalued
COF,Financial Services,0.01615,0.04899,0.38719,,,1.165,0.4334986704847617,490144000000.0,Overvalued
CAH,Healthcare,,0.00681,0.01205,,0.957,0.644,0.008311692979539757,53122000000.0,Overvalued
KMX,Consumer Cyclical,0.084180005,0.01843,0.021440001,311.84,2.461,1.287,0.005938508170856002,27404206000.0,Overvalued
CCL,Consumer Cyclical,0.25733998,0.10069,0.27867,233.568,0.338,2.527,0.05183645737580433,49057000000.0,Overvalued
CARR,Industrials,0.0998,0.18052,0.09554,83.159,1.141,1.292,0.0019567731032642532,37403000000.0,Overvalued
CAT,Industrials,0.46283,0.14339,0.17746,201.046,1.384,1.562,0.136092209415359,87764000000.0,Overvalued
CBOE,Financial Services,0.21621001,0.21287,0.32846,32.645,1.718,0.357,0.25392599829038953,7789100000.0,Undervalued
CBRE,Real Estate,0.14091,0.031229999,0.04923,104.121,1.127,1.342,0.039170184807224534,24383000000.0,Undervalued
CDW,Technology,0.43007,0.04757,0.07774,239.737,1.39,1.055,0.05498911837399458,14678400000.0,Overvalued
CNP,Utilities,0.09606,0.11367,0.2495,202.111,0.513,0.562,-0.2746731458984149,43768000000.0,Undervalued
CF,Basic Materials,0.21967,0.20472,0.33936,44.133,2.273,0.673,0.294811320754717,13466000000.0,Undervalued
SCHW,Financial Services,0.17046,0.35930002,0.49242002,99.789,0.59,0.953,0.10455982862389064,479843000000.0,Undervalued
CHTR,Communication Services,0.31327,0.092939995,0.23858999,497.907,0.375,1.054,0.057384042842879186,150020000000.0,Overvalued
CVX,Energy,0.07316,0.06767,0.098529994,21.239,1.152,0.669,0.0777813395100665,256938000000.0,Overvalued
CMG,Consumer Cyclical,0.44958,0.13036,0.16134001,154.574,1.542,0.999,0.1335948946835353,9204374000.0,Overvalued
CB,Financial Services,0.1364,0.16442,0.25623,30.958,0.38,0.527,,246548000000.0,Undervalued
CHD,Consumer Defensive,0.18594,0.12742,0.16057,56.855,1.086,0.452,0.1598794845343944,8883100000.0,Overvalued
CI,Healthcare,0.15538,0.02293,0.04,81.021,0.828,0.275,0.03665133560298547,155881000000.0,Undervalued
CINF,Financial Services,0.14529,0.17569,0.38272,5.732,1.118,0.703,0.23171914968686602,36501000000.0,Undervalued
CTAS,Industrials,0.42187,0.17538,0.22731,56.254,2.239,0.963,0.16992168705750896,9825241000.0,Overvalued
CSCO,Technology,0.22418,0.17902,0.23604,63.228,0.927,0.869,0.23454654569845024,122291000000.0,Overvalued
C,Financial Services,0.06995,0.19488001,0.30606002,,,1.198,-0.3227194810640161,2352945000000.0,Undervalued
CFG,Financial Services,0.067140006,0.22894,0.32026002,,,1.112,0.24108288426995125,217521000000.0,Undervalued
CLX,Consumer Defensive,4.43646,0.11682,0.08328,2230.435,0.759,0.565,0.10712274774774774,5561000000.0,Overvalued
CME,Financial Services,0.13346,0.58946997,0.63386,13.372,1.021,0.297,0.5866951599484511,137447000000.0,Overvalued
CMS,Utilities,0.11233,0.12622,0.26174998,191.634,0.899,0.474,-0.10751829673985362,35920000000.0,Overvalued
KO,Consumer Defensive,0.42442,0.2734,0.32373002,144.771,1.211,0.398,0.10074159070143006,100549000000.0,Undervalued
CTSH,Technology,0.14501001,0.10203,0.15993,7.854,2.358,0.974,0.0925719497365221,19966000000.0,Overvalued
COIN,Financial Services,0.26005,0.43664002,0.25254,48.559,2.404,3.675,,22541951000.0,Undervalued
CL,Consumer Defensive,2.93635,0.1447,0.2023,680.048,0.93,0.3,0.1764091338739366,16046000000.0,Overvalued
CMCSA,Communication Services,0.24186,0.18333,0.17735,101.462,0.882,0.826,0.10137314011848284,266211000000.0,Overvalued
CAG,Consumer Defensive,0.096540004,0.07424,0.11688,92.867,1.058,-0.011,0.11216933039404794,20933900000.0,Overvalued
COP,Energy,0.15421,0.14445,0.19543,36.169,1.323,0.327,0.14624166590556215,122780000000.0,Overvalued
ED,Utilities,0.08839,0.122700006,0.25342,110.373,1.075,0.365,-0.07583901415836392,70562000000.0,Overvalued
STZ,Consumer Defensive,0.15912,0.12705,0.36413,135.429,1.083,0.463,0.18984787485184207,21652300000.0,Overvalued
CEG,Utilities,0.19839,0.11026,0.16332,61.51,1.563,1.13,-0.2133825526137135,52926000000.0,Overvalued
COO,Healthcare,0.050100002,0.1008,0.16570999,29.67,2.116,1.06,0.07395902859783335,12315200000.0,Overvalued
CPRT,Industrials,0.18124,0.34243,0.37289003,1.039,7.939,1.111,0.2648528349083422,10090902000.0,Overvalued
GLW,Technology,0.12739,0.09159,0.14561,76.51,1.556,1.103,0.07424912334197287,27735000000.0,Overvalued
CPAY,Technology,0.29097,0.24365999,0.44617,201.153,1.134,0.86,0.44416894426065184,17957031000.0,Overvalued
CTVA,Basic Materials,0.06705,0.09187999,-0.10313,17.175,1.578,0.748,0.09155429382540808,40825000000.0,Overvalued
CSGP,Real Estate,0.00252,0.00664,-0.061300002,13.126,3.121,0.84,-0.08964987939478108,9256800000.0,Overvalued
COST,Consumer Defensive,0.30686,0.02943,0.03878,34.066,1.034,0.982,0.028473849619416135,77099000000.0,Overvalued
CTRA,Energy,0.118549995,0.24691999,0.28043,27.957,1.025,0.321,0.18761451080982045,21625000000.0,Undervalued
CSX,Industrials,0.22589001,0.20548001,0.35071,155.283,0.847,1.298,0.18693259972489684,42764000000.0,Overvalued
CMI,Industrials,0.22767,0.079450004,0.12132,62.949,1.769,1.116,0.008181338337927394,31540000000.0,Overvalued
CVS,Healthcare,0.0057800002,0.0011999999,0.022650002,111.821,0.832,0.482,0.016968474473523978,253215000000.0,Overvalued
DHR,Healthcare,0.06843,0.14435,0.2075,35.544,1.519,0.928,0.2218219895287958,77542000000.0,Overvalued
DRI,Consumer Cyclical,0.50411,0.08898,0.09879,361.727,0.397,0.656,0.08500666572822045,12587000000.0,Undervalued
DDOG,Technology,0.03519,0.033239998,-0.00656,37.199,3.663,1.233,0.2887569269169515,5785339000.0,Overvalued
DVA,Healthcare,0.61618,0.05796,0.14832,953.093,1.363,0.994,0.11443870922434074,17285268000.0,Overvalued
DECK,Consumer Cyclical,0.43312,0.19364001,0.2282,14.22,3.067,1.193,0.1922235424657996,3570252000.0,Undervalued
DE,Industrials,0.21399,0.11767,0.15094,266.767,2.229,1.008,0.0876717209707431,107320000000.0,Overvalued
DELL,Technology,,0.04768,0.0664,,0.83,1.091,0.019556960038507015,79746000000.0,Undervalued
DAL,Industrials,0.28514,0.07357,0.0992,117.299,0.398,1.387,0.04680174553477281,75372000000.0,Undervalued
DVN,Energy,0.18586999,0.16424999,0.24194999,56.274,0.957,0.684,-0.053513174404015054,30489000000.0,Overvalued
DXCM,Healthcare,0.30635,0.15958999,0.20053,94.479,1.565,1.524,0.15638482519216465,6484500000.0,Undervalued
FANG,Energy,0.10901,0.28689,0.36628,35.66,0.623,0.616,-0.4875260818289032,67292000000.0,Overvalued
DLR,Real Estate,0.05825,0.23959999,0.13333,79.248,1.304,1.118,,45283616000.0,Undervalued
DG,Consumer Defensive,0.15597999,0.0286,0.0555,213.026,1.253,0.287,0.04151884202198013,31132733000.0,Overvalued
DLTR,Consumer Defensive,0.20055,-0.15799,0.04879,203.675,1.036,0.764,0.08885854879540347,18644000000.0,Undervalued
D,Utilities,0.09204,0.16790001,0.34504002,154.315,0.845,0.687,-0.4965765267307559,102415000000.0,Overvalued
DPZ,Consumer Cyclical,,0.12159,0.18064,,1.609,1.151,0.10879021318982428,1737013000.0,Undervalued
DASH,Consumer Cyclical,0.100430004,0.0683,0.08009,34.255,2.045,1.696,0.1680656593919045,12845000000.0,Overvalued
DOV,Industrials,0.15883,0.28370002,0.1869,40.076,2.042,1.312,0.07498745466800603,12509160000.0,Overvalued
DHI,Consumer Cyclical,0.14321,0.10468,0.124680005,24.514,6.421,1.386,0.09586749351832387,35471200000.0,Overvalued
DTE,Utilities,0.11658,0.093439996,0.18968001,207.975,1.152,0.468,-0.06614754756361885,48846000000.0,Overvalued
DUK,Utilities,0.09905,0.15972,0.27125,170.344,0.629,0.477,0.001581183911453701,186343000000.0,Overvalued
DD,Basic Materials,0.03217,-0.060110003,0.17773001,39.673,2.002,1.09,0.1147263038914904,36636000000.0,Undervalued
EMN,Basic Materials,0.12116,0.07746,0.09673,89.235,1.756,1.253,0.07333191217224472,15213000000.0,Overvalued
ETN,Industrials,0.20653,0.14741,0.19791001,59.661,1.28,1.159,0.141450277353485,38381000000.0,Overvalued
EBAY,Consumer Cyclical,0.42430001,0.20366,0.21418,151.155,0.925,1.343,0.19021686278323446,19365000000.0,Overvalued
ECL,Basic Materials,0.21869,0.12489,0.14715,103.915,1.697,0.989,0.11558057097843902,22387800000.0,Undervalued
EIX,Utilities,0.15765001,0.16315001,0.32557,204.02,0.82,0.838,-0.039377237343030856,85579000000.0,Undervalued
EW,Healthcare,0.13492,0.23249,0.27371,6.862,4.004,0.973,0.04778012684989429,13055300000.0,Overvalued
EA,Communication Services,0.13201,0.121429995,0.10875,36.65,0.838,0.757,0.24896154361516817,12368000000.0,Overvalued
ELV,Healthcare,0.12569,0.028399998,0.034649998,72.823,1.56,0.532,0.02574515016118998,116889000000.0,Undervalued
EMR,Industrials,0.09363,0.12728,0.20721,67.785,0.876,1.25,0.14803507992895204,41964000000.0,Overvalued
ENPH,Technology,0.20305,0.12932,0.16433,123.979,2.042,1.419,0.36086525459209867,3249676000.0,Undervalued
ETR,Utilities,0.11188,0.1421,0.30055,179.362,0.713,0.617,-0.1246837765379174,64790032000.0,Overvalued
EOG,Energy,0.18476999,0.24410999,0.33223,26.835,1.624,0.505,0.2468560184789118,47186000000.0,Overvalued
EPAM,Technology,0.10207,0.070149995,0.10682,4.165,3.022,1.767,0.11146968870163326,4750473000.0,Overvalued
EQT,Energy,0.08488,0.23097,0.34897,30.675,0.578,0.632,0.10977459273806861,39830255000.0,Overvalued
EFX,Industrials,0.13066,0.1108,0.19950001,94.824,0.738,1.587,0.14310608860960025,11759400000.0,Overvalued
EQIX,Real Estate,0.077,0.118,0.21851999,147.969,1.34,1.027,0.02091906721536351,35085000000.0,Overvalued
EQR,Real Estate,0.10444,0.37583,0.28955,76.237,0.165,0.763,0.4210981615431387,20834176000.0,Undervalued
ERIE,Financial Services,0.30444,0.16038,0.20115,2.353,1.669,0.386,0.12593296817215394,2888614000.0,Overvalued
ESS,Real Estate,0.15987,0.44167,0.33777002,115.144,0.457,0.733,0.5251824509002789,12927359000.0,Undervalued
EG,Financial Services,0.03595,0.031229999,0.07728,23.337,0.408,0.379,,56341000000.0,Overvalued
EVRG,Utilities,0.08454,0.1445,0.36201,142.45,0.516,0.635,-0.06035264139004327,32282100000.0,Overvalued
ES,Utilities,0.0861,0.102189995,0.22489001,184.357,0.715,0.759,-0.19501128032556442,59594529000.0,Undervalued
EXC,Utilities,0.10308,0.116009995,0.22177,177.601,0.939,0.553,-0.06635400382143478,107784000000.0,Undervalued
EXE,Energy,0.061189998,0.08043,0.29054,27.95,0.81,0.452,0.0018952854773750297,27894000000.0,Overvalued
EXPE,Consumer Cyclical,0.53886,0.096590005,0.25566998,250.289,0.744,1.457,0.17011175224600103,22388000000.0,Undervalued
EXPD,Industrials,0.36505002,0.07571,0.0995,24.549,1.794,1.162,0.06442092671912639,4754458000.0,Overvalued
EXR,Real Estate,0.06786,0.27735,0.46325,94.252,1.46,1.27,0.5732183529010084,28847926000.0,Overvalued
XOM,Energy,0.11424,0.091809995,0.11057,15.672,1.137,0.378,0.0905416997055243,453475000000.0,Overvalued
FFIV,Technology,0.20602,0.22421,0.27146998,6.424,1.562,0.988,,5613004000.0,Overvalued
FDS,Financial Services,0.29132,0.25715,0.29707,71.282,1.4,0.748,0.2659435907772937,4304272000.0,Undervalued
FICO,Technology,,0.32747,0.48099998,,0.83,1.296,0.3713956066421246,1868133000.0,Overvalued
FAST,Industrials,0.32742,0.15336001,0.20696,13.283,4.259,0.882,0.12547044791942752,4698000000.0,Overvalued
FRT,Real Estate,0.10516,0.27586,0.34465,138.76,0.369,1.02,0.2726121292159687,8524757000.0,Overvalued
FDX,Industrials,0.15004,0.046529997,0.0764,,1.246,1.341,0.03390350976957896,87627000000.0,Overvalued
FIS,Technology,0.011829999,0.0146200005,0.2385,94.272,0.532,0.935,0.13409696850004937,33784000000.0,Overvalued
FITB,Financial Services,0.115109995,0.29674,0.39780998,,,1.011,0.2920150248394523,212927000000.0,Undervalued
FSLR,Technology,0.16864,0.27728,0.29225,9.893,1.91,1.59,-0.07324199549769404,12124361000.0,Undervalued
FE,Utilities,0.11192001,0.09312,0.21263,193.669,0.747,0.652,-0.08454572446555819,52044000000.0,Overvalued
FI,Technology,0.1354,0.17046,0.25385,120.581,1.08,0.794,0.2474579585451701,77176000000.0,Undervalued
F,Consumer Cyclical,0.10295,0.024820002,0.03146,346.673,1.121,1.612,0.036428602317938076,285196000000.0,Undervalued
FTNT,Technology,2.28043,0.28584,0.31648,148.116,1.027,1.094,0.3155243628060042,9763100000.0,Overvalued
FTV,Technology,0.103649996,0.09621,0.15539,52.244,0.701,1.05,0.2256811836066626,17016100000.0,Overvalued
FOXA,Communication Services,0.17272,0.12353,0.26323998,60.136,3.238,0.512,0.1836196319018405,23195000000.0,Overvalued
FOX,Communication Services,0.17272,0.12353,0.26323998,60.136,3.238,0.512,0.1836196319018405,23195000000.0,Overvalued
BEN,Financial Services,0.03818,0.05985,0.17558001,23.699,4.097,1.496,0.10393697196346928,32368300000.0,Overvalued
FCX,Basic Materials,0.14538999,0.07969,0.28055,30.589,2.455,1.487,0.09239835002946375,54848000000.0,Overvalued
GRMN,Technology,0.19655001,0.22625999,0.25795,2.342,3.316,1.006,0.19674751222942452,9630527000.0,Overvalued
IT,Technology,1.0925701,0.1371,0.15773,512.089,0.878,1.075,0.2206947972615806,8534671000.0,Overvalued
GE,Industrials,0.42131,0.18344,0.20598,115.246,1.077,1.401,0.09503384837992869,123140000000.0,Overvalued
GEHC,Healthcare,0.24450001,0.10945,0.14213,105.127,1.181,1.273,0.07879219194794632,33089000000.0,Overvalued
GEV,Industrials,0.16723,0.045229997,0.05738,11.101,1.029,,0.04866180048661801,51485000000.0,Undervalued
GEN,Technology,0.25027,0.12743,0.36475,356.98,0.505,1.111,0.3064803049555273,15495000000.0,Overvalued
GNRC,Industrials,0.11969,0.06921,0.0925,56.133,2.183,1.811,0.1407335572091473,5109331000.0,Overvalued
GD,Industrials,0.17782,0.081829995,0.10459,40.419,1.4,0.403,0.06697962947439014,55880000000.0,Overvalued
GIS,Consumer Defensive,0.30866,0.15241,0.15602,151.352,0.658,-0.074,0.11766547268379296,33071100000.0,Undervalued
GM,Consumer Cyclical,0.04442,0.01625,0.056739997,195.437,1.229,1.311,-0.031903202057169684,279761000000.0,Overvalued
GPC,Consumer Cyclical,0.16994,0.0336,0.0643,133.159,1.137,0.748,0.029119280896243296,19282705000.0,Overvalued
GILD,Healthcare,0.40706003,0.27882,0.45231,116.243,1.453,0.334,0.35838492035890657,58995000000.0,Undervalued
GPN,Industrials,0.07233,0.17365,0.3184,69.198,0.855,0.824,0.28278210715449814,46890255000.0,Undervalued
GL,Financial Services,0.22277,0.19363001,0.34092999,55.217,0.695,0.481,0.23042213583811477,29076181000.0,Undervalued
GDDY,Technology,3.69454,0.17013,0.23884001,4217.211,0.569,0.943,0.2757587684772151,8235400000.0,Overvalued
GS,Financial Services,0.13532,0.29073998,0.37203997,586.142,1.657,1.35,-0.28597323964718196,1675972000000.0,Undervalued
HAL,Energy,0.12788,0.05913,0.12857,83.613,1.955,0.816,0.10560495118549512,25587000000.0,Overvalued
HIG,Financial Services,0.20069,0.12745,0.18916,23.675,1.796,0.637,0.218465736810188,80917000000.0,Undervalued
HCA,Healthcare,,0.0853,0.15474,,0.854,1.376,0.0798691273741909,59513000000.0,Undervalued
HSIC,Healthcare,0.08347999,0.03022,0.0614,70.224,1.396,0.905,0.0521581314605855,10218000000.0,Overvalued
HSY,Consumer Defensive,0.31013,0.118360005,0.13542,125.764,1.363,0.187,0.17189866011894203,12946861000.0,Overvalued
HPE,Technology,0.05356,0.03773,0.05495,96.967,0.951,1.338,0.0655226209048362,71262000000.0,Overvalued
HLT,Consumer Cyclical,,0.34188998,0.60327,,0.664,1.166,0.1624306425630929,16522000000.0,Overvalued
HOLX,Healthcare,0.11116,0.13796,0.32736,52.037,3.754,0.705,0.22063163028898916,9014900000.0,Overvalued
HD,Consumer Cyclical,1.62909,0.087740004,0.12945,539.922,1.051,1.046,0.10234211417179684,96119000000.0,Overvalued
HON,Industrials,0.34616002,0.1507,0.18505,215.247,1.358,0.945,0.12813652657280897,75196000000.0,Undervalued
HRL,Consumer Defensive,0.09442,0.06257,0.08015,35.301,2.469,0.333,0.08475079308875069,13434729000.0,Overvalued
HST,Real Estate,0.109239995,0.12403,0.073520005,82.827,1.021,1.209,0.16713581984517945,13048000000.0,Undervalued
HWM,Industrials,0.30064,0.18181999,0.25658,65.176,2.353,1.319,0.13149394347240914,10519000000.0,Overvalued
HPQ,Technology,,0.048249997,0.06008,,0.738,1.221,0.058944341753953584,39909000000.0,Undervalued
HUBB,Industrials,0.24991,0.15123,0.22591,58.21,1.358,0.996,0.14405258949986674,6679100000.0,Overvalued
HUM,Healthcare,0.07159,0.01022,0.02043,69.686,2.024,0.455,0.020303835735090564,46479000000.0,Overvalued
HBAN,Financial Services,0.10434,0.29619,0.38561,,,0.981,0.22640487474610696,204230000000.0,Undervalued
HII,Industrials,0.12387,0.04737,0.06172,58.708,1.139,0.367,0.0022540095361941914,12141000000.0,Undervalued
IBM,Technology,0.30156,0.120900005,0.1717,237.831,0.932,0.688,0.18740139913629628,137175000000.0,Overvalued
IEX,Industrials,0.12197,0.13974,0.21418,48.121,2.934,1.002,0.1844713656387665,6745300000.0,Overvalued
IDXX,Healthcare,0.64633006,0.24654,0.32106,71.29,1.18,1.687,0.20476669170833436,3293443000.0,Overvalued
ITW,Industrials,0.91683,0.19052,0.27667,278.654,1.53,1.153,0.1788904264687382,15067000000.0,Overvalued
INCY,Healthcare,0.30389,0.24695,0.31633,0.887,3.195,0.826,0.055449650418735945,5444322000.0,Undervalued
IR,Industrials,0.05382,0.07309,0.20476,47.62,2.162,1.331,0.17243953006219764,18009800000.0,Overvalued
PODD,Healthcare,0.19679001,0.097629994,0.16664,77.711,2.871,1.379,0.14302954238269935,3087700000.0,Overvalued
INTC,Technology,0.0018600001,0.0037099998,0.06284,39.881,1.602,1.346,-0.2948343722340446,196485000000.0,Overvalued
ICE,Financial Services,0.114930004,0.32431,0.49067003,67.954,1.012,1.059,0.32794830371567046,139428000000.0,Overvalued
IPG,Communication Services,0.14948,0.06245,0.16834,111.662,1.076,1.011,0.08543075469756914,18325800000.0,Undervalued
INTU,Technology,0.21987,0.21191,0.15697,,1.386,1.262,0.3230311720036111,36958000000.0,Overvalued
ISRG,Healthcare,0.16902,0.28577998,0.30326,,4.728,1.692,0.15610445277235666,18743200000.0,Overvalued
IVZ,Financial Services,0.06904,0.16691,0.16514,10.983,0.617,1.643,0.1847535849678589,27008900000.0,Undervalued
INVH,Real Estate,0.06,0.21805,0.27131,85.691,1.544,0.834,0.32929747966927103,18700951000.0,Undervalued
IQV,Healthcare,0.19374001,0.08067001,0.13976,242.366,0.703,1.375,0.13722817267121065,26899000000.0,Overvalued
IRM,Real Estate,,0.02398,0.20792,,0.659,1.132,-0.10687019921758192,18717115000.0,Overvalued
JBHT,Industrials,0.15126,0.04753,0.07948,53.131,0.867,1.28,0.05111049668724049,8312270000.0,Overvalued
JBL,Technology,0.40381,0.022049999,0.05841,246.012,1.0,1.257,0.039326219716797534,18543000000.0,Undervalued
JKHY,Technology,0.2345,0.19865,0.28549,3.17,1.494,0.749,0.17275294616905404,3043970000.0,Overvalued
J,Industrials,0.06523,0.02405,0.105170004,58.069,1.301,0.777,0.05049733648562073,11252535000.0,Overvalued
JNJ,Healthcare,0.33619,0.27259,0.30200002,57.766,1.074,0.358,0.20331903491291473,180104000000.0,Undervalued
JCI,Industrials,0.11374,0.13947,0.15306,86.383,0.929,1.418,0.040896762163078484,37939000000.0,Undervalued
JPM,Financial Services,0.16437,0.347,0.43708,,,1.076,,4002814000000.0,Undervalued
K,Consumer Defensive,0.32112,0.10079,0.15031,145.099,0.678,0.251,0.0887912777472743,15628000000.0,Overvalued
KVUE,Consumer Defensive,0.13469,0.0955,0.19288,85.659,0.98,0.658,0.08637981235846004,25601000000.0,Overvalued
KDP,Consumer Defensive,0.06291,0.09781,0.23107,73.567,0.625,0.362,0.10403231059865807,53430000000.0,Overvalued
KEY,Financial Services,0.058179997,0.18115999,0.33839,,,1.106,0.13635328932392443,187168000000.0,Overvalued
KEYS,Technology,0.09982,0.103760004,0.18121,48.748,3.592,1.203,0.18035750150632657,9269000000.0,Overvalued
KMB,Consumer Defensive,1.3688201,0.09983,0.16699,500.068,0.773,0.252,0.12528666866088345,16546000000.0,Overvalued
KIM,Real Estate,0.056700002,0.28243,0.34331,78.195,1.587,1.064,,20309896000.0,Overvalued
KMI,Energy,0.08884,0.16612,0.25639,102.138,0.631,0.671,0.1990728476821192,71407000000.0,Overvalued
KKR,Financial Services,0.07672,0.10564,0.30958,74.351,1.703,1.999,0.30075117299732795,360099411000.0,Overvalued
KLAC,Technology,0.99167997,0.33828998,0.41661,122.127,2.692,1.433,0.3078022487689782,16067926000.0,Overvalued
KR,Consumer Defensive,0.25049,0.018550001,0.028900001,271.402,0.946,0.581,0.012078329017216886,52616000000.0,Undervalued
LHX,Industrials,0.091309994,0.08091,0.12882,60.629,1.144,0.652,0.1008675263774912,42001000000.0,Overvalued
LH,Healthcare,0.10135999,0.062129997,0.11314999,75.557,1.551,0.966,0.08424232640730576,18379000000.0,Undervalued
LRCX,Technology,0.62261003,0.29657,0.34354,43.991,2.207,1.779,0.29367531531807145,21345260000.0,Undervalued
LW,Consumer Defensive,0.16219,0.04555,0.11378,223.019,1.489,0.426,0.03566722986064824,7392600000.0,Overvalued
LVS,Consumer Cyclical,0.65651,0.12687999,0.23627001,847.509,0.889,0.982,0.14374225526641884,20666000000.0,Undervalued
LDOS,Technology,0.2929,0.08106,0.11971,105.551,1.624,0.589,0.07460088824870964,13104000000.0,Overvalued
LEN,Consumer Cyclical,0.10774,0.07721,0.07971,24.892,12.742,1.407,0.06297360503175772,41312781000.0,Overvalued
LII,Industrials,0.92253995,0.15741,0.21340999,128.035,1.68,1.158,0.1464250276150001,3471800000.0,Overvalued
LLY,Healthcare,0.9647,0.30986,0.48294,178.516,1.546,0.389,0.009197938844696255,78714900000.0,Undervalued
LIN,Basic Materials,0.17979999,0.21170999,0.2794,64.673,0.823,0.857,0.1492501136191486,80147000000.0,Overvalued
LYV,Communication Services,0.5636,0.03659,0.09149,473.811,0.921,1.21,0.04534617398580259,19638771000.0,Overvalued
LKQ,Consumer Cyclical,0.10882,0.049439996,0.08231,83.675,1.596,0.89,0.05642633228840126,14955000000.0,Overvalued
LMT,Industrials,0.62776,0.05726,0.11693,358.987,1.129,0.234,0.07441971763579804,55617000000.0,Overvalued
L,Financial Services,0.08182,0.07949,0.16677,49.123,0.493,0.623,0.13881315621555776,81943000000.0,Undervalued
LOW,Consumer Cyclical,,0.08045,0.1192,,1.04,0.957,0.0919999043908502,43102000000.0,Overvalued
LULU,Consumer Cyclical,0.42422,0.16377,0.20743,40.178,2.266,1.021,0.1495525270477514,7603292000.0,Overvalued
MTB,Financial Services,0.09628,0.3054,0.43886003,,,0.607,0.3676741414797963,208105000000.0,Undervalued
MPC,Energy,0.18887,0.02158,0.049689997,143.175,1.315,0.714,0.04415831316972001,78858000000.0,Undervalued
MKTX,Financial Services,0.15823,0.26157,0.40982,4.81,7.35,0.997,0.40224355247908145,1789216000.0,Overvalued
MAR,Consumer Cyclical,,0.37984002,0.65933996,,0.467,1.171,0.0796414342629482,26182000000.0,Overvalued
MMC,Financial Services,0.28734,0.15601,0.19240999,139.501,1.123,0.754,0.16297326028293402,56481000000.0,Overvalued
MLM,Basic Materials,0.12523,0.16688,0.27898002,60.618,2.966,1.161,0.09241126070991432,18170000000.0,Overvalued
MAS,Industrials,5.6387095,0.10885999,0.15806,1888.69,1.878,1.273,0.1158661216147164,5016000000.0,Undervalued
MA,Financial Services,1.8486099,0.45275003,0.598,239.715,1.122,0.868,0.4823374871303298,48081000000.0,Overvalued
MTCH,Communication Services,,0.16202,0.30826,,1.41,1.356,0.2535344730214323,4465771000.0,Undervalued
MKC,Consumer Defensive,0.1385,0.11462,0.17091,75.356,0.713,0.627,0.09622677989797285,13070300000.0,Overvalued
MCD,Consumer Cyclical,,0.3204,0.46905997,,1.0,0.525,0.2574074074074074,55182000000.0,Overvalued
MCK,Healthcare,,0.01042,0.013739999,,0.88,0.388,0.014555035357094117,75140000000.0,Undervalued
MDT,Healthcare,,0.13706,0.18971,59.437,,0.739,0.15460536124280647,91680000000.0,Overvalued
MRK,Healthcare,0.39485002,0.29632,0.40802,79.708,1.661,0.319,0.2820097244732577,117106000000.0,Undervalued
META,Communication Services,0.32643002,0.30892,0.40075,26.311,1.978,1.272,0.3287031689776962,276054000000.0,Overvalued
MET,Financial Services,0.12798001,0.053400002,0.0701,163.999,1.891,0.752,,677457000000.0,Overvalued
MTD,Healthcare,,0.21202,0.28497,,1.075,1.405,0.2232353853372658,3239999000.0,Overvalued
MGM,Consumer Cyclical,0.10293,0.00403,0.051620003,913.283,1.235,1.491,0.07029394952421748,42231627000.0,Overvalued
MU,Technology,0.17198999,0.22845,0.32638,28.343,2.518,1.552,0.04462518058751137,82798000000.0,Undervalued
MSFT,Technology,0.32241002,0.35707,0.48873,33.154,1.401,1.065,0.2541884965427156,619003000000.0,Overvalued
MAA,Real Estate,0.09408,0.25233,0.27229,87.122,0.04,0.776,0.35413723776423256,11812369000.0,Overvalued
MHK,Consumer Cyclical,0.051999997,0.03927,0.06664,28.031,2.246,1.239,0.06270243335271157,12778600000.0,Overvalued
MOH,Healthcare,0.19708,0.020610001,0.01249,91.911,1.678,0.513,0.013382533825338253,15630000000.0,Overvalued
MDLZ,Consumer Defensive,0.13101,0.0938,0.10837,83.621,0.611,0.397,0.09667682006531104,68497000000.0,Overvalued
MPWR,Technology,0.64029,0.7122,0.26477,0.528,4.771,1.464,0.291011734855693,3617097000.0,Undervalued
MNST,Consumer Defensive,0.25538,0.21654,0.30738002,0.779,3.185,0.488,0.21649032412709476,7719089000.0,Overvalued
MCO,Financial Services,0.54914004,0.29916,0.46886003,181.347,1.84,1.455,0.35567155756207675,15505000000.0,Overvalued
MS,Financial Services,0.15135,0.23606001,0.38872,420.553,2.266,1.217,-0.036445046076951114,1215071000000.0,Undervalued
MOS,Basic Materials,0.101169996,0.10334,0.11958,37.134,1.141,0.937,0.004261516884237782,22924000000.0,Undervalued
MSI,Technology,1.1517,0.18704,0.26554,423.891,1.027,0.988,0.19728205602292687,14595000000.0,Overvalued
MSCI,Financial Services,,0.40032002,0.56425,,0.882,1.313,0.485450582046743,5445439000.0,Overvalued
NDAQ,Financial Services,0.14054,0.19895001,0.31614,79.867,0.986,1.03,0.23405405405405405,30395000000.0,Undervalued
NTAP,Technology,1.23004,0.17768998,0.19949,281.538,1.313,1.41,0.20359099208764456,10823000000.0,Overvalued
NFLX,Communication Services,0.42861,0.24047,0.28219998,65.822,1.332,1.703,0.17747832194720511,53630374000.0,Overvalued
NEM,Basic Materials,0.22875999,0.33423,0.4685,16.914,2.039,0.441,0.1584948078364201,56349000000.0,Undervalued
NWSA,Communication Services,0.070250005,0.138,0.10448,31.439,1.763,0.97,0.0675579744439186,15504000000.0,Overvalued
NWS,Communication Services,0.070250005,0.138,0.10448,31.439,1.763,0.97,0.0675579744439186,15504000000.0,Overvalued
NEE,Utilities,0.08236,0.24729,0.30768,144.161,0.553,0.738,0.19173433523209307,190144000000.0,Undervalued
NKE,Consumer Cyclical,0.21122,0.062340003,0.0791,82.128,2.19,1.293,0.07056943574683107,36579000000.0,Overvalued
NI,Utilities,0.09073,0.14155,0.22873,140.579,0.523,0.63,-0.15792561089622556,31788100000.0,Overvalued
NDSN,Industrials,0.15594,0.16341999,0.26538,74.482,1.694,1.019,0.18282432829811732,6000966000.0,Overvalued
NSC,Industrials,0.2048,0.24219,0.36578,116.353,0.862,1.322,0.1378371690175699,43682000000.0,Overvalued
NTRS,Financial Services,0.13432,0.21761,0.30332002,,,1.282,-0.14854530541349031,155508400000.0,Overvalued
NOC,Industrials,0.26152,0.09819999,0.13221,109.401,1.109,0.044,0.06387541734701338,49359000000.0,Overvalued
NCLH,Consumer Cyclical,0.39870998,0.06846,0.25507998,699.717,0.195,2.101,0.08849175987597012,19969811000.0,Overvalued
NRG,Utilities,0.64186996,0.04839,0.05527,615.076,1.053,1.25,0.06455741201564166,24022000000.0,Undervalued
NUE,Basic Materials,0.09014,0.05185,0.10421,31.248,2.774,1.867,0.026225027656666882,33940000000.0,Undervalued
NVDA,Technology,1.07359,0.53007,0.63168997,8.815,4.468,2.269,0.46631723334636044,111601000000.0,Undervalued
NVR,Consumer Cyclical,0.348,0.13545,0.17104,27.023,6.389,1.009,0.1275895993871526,6380988000.0,Overvalued
NXPI,Technology,0.20872,0.17111,0.28238,117.34,2.375,1.463,0.15110195021404788,24385000000.0,Overvalued
ORLY,Consumer Cyclical,,0.14225,0.20742,,0.757,0.621,0.12126711234457667,14893741000.0,Overvalued
OXY,Energy,0.05955,0.08169,0.17723,62.221,0.935,0.392,0.16542563143124414,85445000000.0,Overvalued
ODFL,Industrials,0.25059,0.18967,0.25655,1.994,1.204,1.271,0.15270748313358476,5491395000.0,Overvalued
OMC,Communication Services,0.27007,0.08307,0.15593,128.056,0.924,0.757,0.10152908707319094,29620700000.0,Overvalued
ON,Technology,0.03891,0.051570002,0.18505,45.833,5.231,1.571,0.1711873261511091,14089800000.0,Overvalued
OKE,Energy,0.17847,0.105790004,0.18160999,152.218,0.904,0.935,0.1321319937321412,64069000000.0,Undervalued
ORCL,Technology,0.69241995,0.21079999,0.31381,452.534,0.618,1.636,-0.00686423108416523,168361000000.0,Overvalued
OTIS,Industrials,,0.09413,0.16992001,,0.936,1.004,0.10076432227754015,11316000000.0,Overvalued
PCAR,Industrials,0.14151,0.091120005,0.099209994,82.453,5.69,1.023,0.08600633321253097,43418900000.0,Overvalued
PKG,Consumer Cyclical,0.19811001,0.10185,0.15683,91.618,3.158,0.906,0.06220700678730333,8833200000.0,Overvalued
PLTR,Technology,0.19504,0.28114,0.33296,3.52,6.427,1.477,0.3982649492742471,6340884000.0,Overvalued
PANW,Technology,0.15324001,0.11687,0.12005,4.951,0.985,0.772,0.37627284064414684,23576200000.0,Overvalued
PSKY,Communication Services,0.01279,-0.00947,0.10012,111.017,1.336,1.184,0.016739122993187965,46172000000.0,Overvalued
PH,Industrials,0.27294,0.18178,0.21086,74.953,1.066,1.255,0.16831234256926952,29494000000.0,Overvalued
PAYX,Technology,0.41266,0.27855,0.36727002,126.47,1.268,0.894,0.3067465943966832,16564100000.0,Overvalued
PAYC,Technology,0.28557,0.22645001,0.22826,4.943,1.223,0.83,0.17873831775700935,5859900000.0,Undervalued
PYPL,Financial Services,0.24358,0.14963001,0.19198999,60.239,1.34,1.433,0.21281881938547662,81611000000.0,Undervalued
PNR,Industrials,0.17966999,0.15844,0.23982,44.76,1.462,1.207,0.1695650044087391,6446500000.0,Undervalued
PEP,Consumer Defensive,0.37162,0.078200005,0.16903,260.19,0.912,0.423,0.07826550830666057,99467000000.0,Overvalued
PFE,Healthcare,0.105979994,0.15654999,0.35277,66.531,1.282,0.425,0.15457274427522907,213396000000.0,Overvalued
PCG,Utilities,0.0876,0.10492,0.21312,185.52,0.941,0.372,-0.09558130963593922,133660000000.0,Undervalued
PM,Consumer Defensive,,0.21574,0.40747002,,0.848,0.444,0.2844131157928085,61784000000.0,Overvalued
PSX,Energy,0.056199998,0.011410001,0.04395,77.483,1.227,0.916,0.01629026286560533,72582000000.0,Overvalued
PNW,Utilities,0.087749995,0.11198,0.32109,197.565,0.675,0.534,-0.12475758134525158,26102760000.0,Overvalued
PNC,Financial Services,0.11486,0.29937,0.39788,,,1.017,,560038000000.0,Undervalued
POOL,Industrials,0.29307,0.07784,0.122650005,100.725,2.57,1.222,0.11291947038507025,3368184000.0,Overvalued
PPG,Basic Materials,0.1616,0.06348,0.1416,99.56,1.465,1.161,0.044114862732723255,19433000000.0,Overvalued
PPL,Utilities,0.076620005,0.12162,0.26619,132.089,0.774,0.704,-0.054951548097376506,41069000000.0,Undervalued
PFG,Financial Services,0.13767,0.099580005,0.06856,34.137,1.557,0.895,0.2811374219510532,313663600000.0,Undervalued
PG,Consumer Defensive,0.31902,0.19739,0.2758,67.125,0.714,0.381,0.16662711783968487,125231000000.0,Overvalued
PGR,Financial Services,0.34223998,0.12579,0.15079,19.455,0.297,0.373,0.1968862402612054,105745000000.0,Overvalued
PLD,Real Estate,0.05963,0.35243,0.42720002,62.789,0.767,1.411,,95328909000.0,Overvalued
PRU,Financial Services,0.085,0.04538,0.09917,148.723,0.841,0.97,,735587000000.0,Undervalued
PEG,Utilities,0.12579,0.17768,0.2703,138.209,0.934,0.607,-0.12118561710398446,54640000000.0,Overvalued
PTC,Technology,0.2085,0.26795998,0.50643003,35.802,1.118,1.019,,6383542000.0,Undervalued
PSA,Real Estate,0.19933,0.39453998,0.46947,106.758,0.269,0.985,0.5767573413158146,19754934000.0,Overvalued
PHM,Consumer Cyclical,0.21569,0.14926,0.17336,16.939,6.449,1.319,0.08704816138675374,17363763000.0,Overvalued
PWR,Industrials,0.13369,0.03744,0.07105,71.612,1.344,1.143,0.06239727923973489,18683894000.0,Overvalued
QCOM,Technology,0.2334,0.12512,0.26235,73.767,2.816,1.208,0.28949507722879597,50143000000.0,Overvalued
DGX,Healthcare,0.14353,0.08931,0.14915,86.524,1.128,0.623,0.09207860615883307,16153000000.0,Overvalued
RL,Consumer Cyclical,0.34005,0.112840004,0.14074999,111.231,2.04,1.548,0.14393275886424636,7047300000.0,Undervalued
RJF,Financial Services,0.17844999,0.1522,0.20425,36.906,,1.006,,82992000000.0,Overvalued
RTX,Industrials,0.10702,0.07666,0.12399,61.315,1.073,0.431,0.04858926403923803,162861000000.0,Overvalued
O,Real Estate,0.02488,0.17135,0.44514,73.977,1.362,0.809,,68835039000.0,Overvalued
REG,Real Estate,0.0602,0.26093,0.39363,73.101,0.88,0.943,,12391961000.0,Overvalued
REGN,Healthcare,0.15188,0.32131,0.29563,8.739,4.063,0.386,0.24918321363188284,37759400000.0,Overvalued
RF,Financial Services,0.11401,0.31044,0.46976003,,,1.054,0.2049978822532825,157302000000.0,Overvalued
RSG,Industrials,0.18249,0.12768,0.19919,113.763,0.583,0.553,0.12980289421157684,32402000000.0,Overvalued
RMD,Healthcare,0.25413,0.2735,0.34618,13.826,2.888,0.87,0.32080083523647057,8174391000.0,Overvalued
RVTY,Healthcare,0.0304,0.08441,0.13788,45.676,1.753,1.073,0.19660467814096855,12392478000.0,Overvalued
ROK,Industrials,0.20282,0.104169995,0.19732,98.275,1.135,1.507,0.16279069767441862,11219000000.0,Overvalued
ROL,Consumer Cyclical,0.36208,0.14019,0.22037001,59.534,0.773,0.791,0.17118057973717415,2819695000.0,Overvalued
ROP,Technology,0.081549995,0.20337,0.28401,47.288,0.577,0.939,0.324212978747585,31334700000.0,Overvalued
ROST,Consumer Cyclical,0.37425,0.0947,0.11578,88.181,1.52,1.048,0.0774701611072326,14905332000.0,Overvalued
RCL,Consumer Cyclical,0.46677,0.23318,0.33139,203.878,0.165,1.906,0.12114043069457082,37070000000.0,Undervalued
SPGI,Financial Services,0.119940005,0.28091,0.44316003,31.784,0.974,1.191,0.39168074324324326,60221000000.0,Overvalued
CRM,Technology,0.11201999,0.16868,0.22820999,19.255,1.124,1.243,0.3281171658530149,102928000000.0,Undervalued
SBAC,Real Estate,,0.30724,0.53851,,0.504,0.863,0.4130105081514864,11417336000.0,Overvalued
SLB,Energy,0.15182,0.10341,0.15479,47.459,1.387,0.732,0.12326049216015872,48935000000.0,Overvalued
STX,Technology,,0.17922,0.26892,,0.979,1.62,0.08991975376497746,8023000000.0,Undervalued
SRE,Utilities,0.0677,0.15754,0.14503,81.287,1.587,0.735,-0.2508911642017444,96155000000.0,Overvalued
NOW,Technology,0.16813,0.13665,0.16789,21.255,1.063,0.961,0.3072651128914785,20383000000.0,Overvalued
SHW,Basic Materials,0.59939,0.110489994,0.18197,325.153,0.822,1.242,0.09018767452431976,23632600000.0,Overvalued
SPG,Real Estate,0.82455003,0.36498,0.50757,884.863,0.592,1.399,0.5129400761058641,32405691000.0,Undervalued
SWKS,Technology,0.0789,0.116739996,0.10235,20.898,2.325,1.296,0.26325576843084,7917000000.0,Undervalued
SW,Consumer Cyclical,0.04099,0.02402,0.07672,76.445,1.482,1.005,0.0008053436922639632,43759000000.0,Overvalued
SNA,Industrials,0.18330999,0.19827999,0.25257,22.27,4.399,0.777,0.2219873150105708,7896800000.0,Overvalued
SOLV,Healthcare,0.37271,0.18139,0.07824,103.028,1.5,,0.09752847104434213,14457000000.0,Undervalued
SO,Utilities,0.11429,0.15422,0.36558998,192.679,0.755,0.44,0.031170483460559797,145180000000.0,Overvalued
LUV,Industrials,0.04168,0.0137600005,0.00504,67.618,0.491,1.182,-0.05887275770476295,33750000000.0,Overvalued
SWK,Industrials,0.04918,0.02892,0.09042,78.538,1.109,1.204,0.049005251957281476,21848900000.0,Overvalued
SBUX,Consumer Cyclical,,0.04992,0.10976,,0.723,0.984,0.06567270145544905,32019700000.0,Overvalued
STT,Financial Services,0.111499995,0.21877001,0.32749,,,1.456,-1.0942023376422323,353240000000.0,Undervalued
STLD,Basic Materials,0.12550999,0.0639,0.10516,42.166,3.107,1.477,-0.0013399359991425504,14935233000.0,Undervalued
STE,Healthcare,0.101339996,0.12073,0.18372999,29.314,2.37,1.026,0.14250276810302748,10146811000.0,Overvalued
SYK,Healthcare,0.14036,0.12071,0.22272,78.646,1.849,0.899,0.15432617835804383,42971000000.0,Overvalued
SMCI,Technology,0.12787,0.03766,0.03632,79.184,5.394,1.478,0.0697390802366025,14018429000.0,Overvalued
SYF,Financial Services,0.21636999,0.37066,0.53381,,,1.455,,119463000000.0,Undervalued
SNPS,Technology,0.065019995,0.31042,0.095,54.828,1.625,1.146,0.20952776985349172,13073561000.0,Overvalued
SYY,Consumer Defensive,0.8346,0.02211,0.041750003,690.715,1.148,0.623,0.0197124247265577,26774000000.0,Overvalued
TMUS,Communication Services,0.19034,0.13826999,0.2223,200.622,0.893,0.435,0.12262899262899263,208035000000.0,Overvalued
TROW,Financial Services,0.1867,0.28892002,0.35474,4.09,3.81,1.54,0.17793504003608887,13472000000.0,Overvalued
TPR,Consumer Cyclical,0.16053,0.03765,0.21213,1051.139,1.525,1.664,0.15603292110630892,6580500000.0,Overvalued
TRGP,Energy,0.4985,0.09949,0.2016,615.121,0.773,0.902,0.04174831364649147,22734100000.0,Undervalued
TGT,Consumer Defensive,0.25094998,0.03576,0.03751,131.753,0.975,1.125,0.04200213951917122,57769000000.0,Overvalued
TEL,Technology,0.14618,0.106709994,0.19773,50.102,1.556,1.239,0.18555207971266366,25081000000.0,Undervalued
TDY,Technology,0.08127,0.13616,0.18545,23.989,1.787,1.026,0.19544973544973546,14200500000.0,Overvalued
TER,Technology,0.15767999,0.15495,0.18892,9.89,1.759,1.848,0.1681209838716541,3708714000.0,Overvalued
TSLA,Consumer Cyclical,0.06791,0.05314,0.06628,17.082,2.066,1.872,0.03665677141979732,122070000000.0,Overvalued
TXN,Technology,0.29757,0.29208001,0.36736,84.477,4.45,0.994,0.0957739274982418,35509000000.0,Overvalued
TPL,Energy,0.3937,0.61676997,0.73521006,1.292,10.857,0.954,0.09265637419012981,1248020000.0,Overvalued
TXT,Industrials,0.11465,0.05809,0.09495,55.332,1.838,1.016,0.04743833017077799,16838000000.0,Overvalued
TMO,Healthcare,0.13116999,0.15022,0.19277,69.75,1.498,0.906,0.16947690011427505,97321000000.0,Overvalued
TJX,Consumer Cyclical,0.58396,0.086789995,0.12489,140.977,1.094,0.769,0.07448545067423705,31749000000.0,Overvalued
TKO,Communication Services,0.08129,0.08989,0.15632,42.785,1.456,0.254,0.18131211575197168,12699936000.0,Overvalued
TTD,Communication Services,0.16783,0.15717,0.21802999,14.456,1.71,1.05,0.2586657319053955,6111951000.0,Overvalued
TSCO,Consumer Cyclical,0.45459,0.07176,0.09215,222.382,1.301,0.72,0.04278560213168767,9805485000.0,Overvalued
TT,Industrials,0.3721,0.13926,0.20219,55.305,1.205,1.187,0.1398816424877257,20146700000.0,Overvalued
TDG,Industrials,,0.23485,0.47764,,3.214,0.923,0.20563922545578078,22909000000.0,Overvalued
TRV,Financial Services,0.19809,0.121350005,0.19687,29.318,0.338,0.549,,133189000000.0,Undervalued
TRMB,Technology,0.06131,0.099309996,0.18364,24.038,1.004,1.604,0.13515054434881763,9488300000.0,Undervalued
TFC,Financial Services,0.07982,0.28605,0.39318,,,0.886,,531176000000.0,Overvalued
TYL,Technology,0.091680005,0.13719,0.16434999,17.86,1.028,0.911,0.26882598630463145,5180015000.0,Overvalued
TSN,Consumer Defensive,0.0276,0.00871,-0.0049799997,53.19,1.552,0.476,0.021619735126099816,36658000000.0,Overvalued
USB,Financial Services,0.1172,0.27632,0.39486,,,1.115,,678318000000.0,Undervalued
UBER,Technology,0.72994006,0.33542,0.082650006,45.755,1.154,1.183,0.15678293692300696,51244000000.0,Undervalued
UDR,Real Estate,0.03649,0.08595,0.20661,144.858,0.159,0.717,0.36197260267417614,10897586000.0,Undervalued
ULTA,Consumer Cyclical,0.48521,0.10308,0.12367,87.863,1.395,0.869,0.0853555712666128,6001693000.0,Overvalued
UNP,Industrials,0.41619,0.2873,0.41030997,189.829,0.748,1.001,0.24305154639175258,67715000000.0,Overvalued
UAL,Industrials,0.25588,0.05643,0.0888,218.897,0.667,1.312,0.067118798520933,74083000000.0,Overvalued
UPS,Industrials,0.33618,0.061490003,0.10175,184.32,1.305,1.096,0.06822224662347645,70070000000.0,Overvalued
URI,Industrials,0.28781,0.15826,0.26484,169.022,0.898,1.671,0.027305311176278917,28163000000.0,Overvalued
UNH,Healthcare,0.17476,0.04042,0.03813,75.734,0.823,0.429,0.051726550047716834,298278000000.0,Overvalued
UHS,Healthcare,0.20028,0.08093,0.11605,70.037,1.031,1.285,0.07096889139360252,14469749000.0,Undervalued
VLO,Energy,0.052389998,0.01283,0.05527,39.561,1.596,0.761,0.044471477737313386,60143000000.0,Undervalued
VTR,Real Estate,0.021559998,0.042930003,0.15584,100.11,0.524,0.802,0.1473882605042051,26186906000.0,Undervalued
VLTO,Industrials,0.37978,0.16746001,0.23219,100.772,1.568,1.131,0.15790487194300018,6406000000.0,Overvalued
VRSN,Technology,,0.49855998,0.67836,,0.527,0.783,0.5615127777064338,1406500000.0,Overvalued
VRSK,Industrials,2.68133,0.30418,0.45529,1295.046,1.193,0.817,0.31929069646389285,4264700000.0,Overvalued
VZ,Communication Services,0.19875,0.14428,0.23932,164.799,0.739,0.324,0.14038341692138767,384711000000.0,Undervalued
VRTX,Healthcare,0.22307,0.31349,0.40268,10.594,2.362,0.322,-0.08874692607145125,22533200000.0,Overvalued
VICI,Real Estate,0.10357001,0.70175004,0.97673,62.925,37.05,0.711,0.6167434574152325,45368940000.0,Overvalued
V,Financial Services,0.52068,0.50145,0.6575,68.807,1.078,0.82,0.539425,99627000000.0,Overvalued
VST,Utilities,0.1731,0.06701,0.21042,335.784,0.995,1.39,0.14427542963307013,37770000000.0,Overvalued
VMC,Basic Materials,0.13520999,0.14189,0.23622,56.296,2.231,1.066,0.1086724995618588,17104800000.0,Undervalued
WRB,Financial Services,0.20887,0.13007,0.17723,31.481,0.399,0.381,0.26095329763917186,40567268000.0,Undervalued
GWW,Industrials,0.46719003,0.09746,0.15180999,68.67,2.717,1.112,0.09144920782851818,8829000000.0,Overvalued
WAB,Industrials,0.11147001,0.10941,0.18468,51.131,1.424,0.995,0.15663810532396263,18702000000.0,Overvalued
WMT,Consumer Defensive,0.23661,0.03259,0.0373,66.747,0.803,0.649,0.018590717857221526,260823000000.0,Overvalued
DIS,Communication Services,0.12203,0.13136,0.11868,39.632,0.71,1.491,0.10671961874503574,197514000000.0,Undervalued
WBD,Communication Services,0.00969,0.01281,0.087340005,89.857,1.074,1.615,0.11258614989445843,104560000000.0,Overvalued
WM,Industrials,0.29328,0.10345,0.18872999,245.399,0.843,0.594,0.09785613923763767,44567000000.0,Overvalued
WAT,Healthcare,0.32987,0.20891,0.27392998,66.042,1.534,1.178,0.20945265105613295,4553795000.0,Overvalued
WEC,Utilities,0.12807,0.17748,0.22163,151.448,0.498,0.556,0.050081977697415084,47363200000.0,Overvalued
WFC,Financial Services,0.115200005,0.26629,0.33717,,,1.106,,1929845000000.0,Undervalued
WELL,Real Estate,0.0275,0.09693,0.19906001,46.211,6.991,0.853,0.2799099727030268,51044308000.0,Overvalued
WST,Healthcare,0.16945,0.16293,0.21849,9.93,2.87,1.165,0.09553435642195493,3643400000.0,Overvalued
WDC,Technology,0.29707,0.25459,0.15403,,1.213,1.893,0.1343487394957983,14002000000.0,Undervalued
WY,Real Estate,0.03419,0.0468,0.02854,58.233,1.227,1.086,0.08309938236945537,16536000000.0,Undervalued
WSM,Consumer Cyclical,0.56918997,0.14297,0.16950001,70.88,1.427,1.539,0.14765596137010747,5301607000.0,Overvalued
WMB,Energy,0.16902,0.20462999,0.39554,188.338,0.422,0.641,0.21860420832143196,54532000000.0,Overvalued
WTW,Financial Services,0.27633,0.21576001,0.18881,75.685,1.104,0.636,0.12759315206445115,27681000000.0,Overvalued
WDAY,Technology,0.06656,0.06507,0.10604999,41.169,2.105,1.142,0.25917594127397586,17977000000.0,Overvalued
WYNN,Consumer Cyclical,,0.07092,0.16931999,,1.757,1.099,0.14080590508281401,12977963000.0,Overvalued
XEL,Utilities,0.09449001,0.13459,0.26615998,167.891,0.795,0.454,-0.20258909307343204,70035000000.0,Overvalued
XYL,Industrials,0.08555,0.10659,0.15653,18.253,1.957,1.168,0.11002102312543798,16493000000.0,Overvalued
YUM,Consumer Cyclical,,0.17951,0.34410998,,1.694,0.678,0.18969399920519275,6727000000.0,Overvalued
ZBRA,Technology,0.14286,0.09743,0.14621,62.984,1.607,1.671,0.19152780566151376,7968000000.0,Overvalued
ZBH,Healthcare,0.06421,0.100530006,0.17003,64.523,2.428,0.61,0.14880316724402887,21365300000.0,Overvalued
ZTS,Healthcare,0.49868,0.28211,0.39333,135.05,3.643,0.962,0.2482713915298185,14237000000.0,Overvalued
