ticker,sector,revenue,ebitda,net_income,total_assets,total_debt,total_equity,operating_cashflow,free_cashflow,label
MMM,Industrials,24824999936,6160999936.0,3400999936,39868000000.0,13659000000.0,3842000000.0,2540999936.0,-489875008.0,Overvalued
AOS,Industrials,3830099968,784300032.0,530500000,3240000000.0,216700000.0,1883500000.0,655600000.0,454037504.0,Undervalued
ABT,Healthcare,43842998272,11747000320.0,13925999616,81414000000.0,15021000000.0,47664000000.0,9118999552.0,6067874816.0,Undervalued
ACN,Technology,69672976384,12222531584.0,7678432768,65394897000.0,8182866000.0,31195446000.0,11474399232.0,10477106176.0,Undervalued
ADBE,Technology,23181000704,9059999744.0,6957000192,30230000000.0,6056000000.0,14105000000.0,9792000000.0,8503625216.0,Undervalued
AMD,Technology,32027000832,6054000128.0,3131000064,69226000000.0,2212000000.0,57568000000.0,6408000000.0,3245499904.0,Overvalued
AES,Utilities,12094000128,3206000128.0,1079000064,47406000000.0,29018000000.0,3644000000.0,3905999872.0,-3689874944.0,Overvalued
AFL,Financial Services,17700999168,5358000128.0,4168999936,117566000000.0,7498000000.0,26098000000.0,2572999936.0,6489999872.0,Undervalued
A,Healthcare,6787999744,1838000000.0,1220000000,11846000000.0,3390000000.0,5898000000.0,1495000064.0,902875008.0,Overvalued
ABNB,Consumer Cyclical,11943000064,2760999936.0,2631000064,20959000000.0,2294000000.0,8412000000.0,4585999872.0,3233625088.0,Undervalued
AKAM,Technology,4133201920,1173728000.0,506864000,10368785000.0,4634605000.0,4878357000.0,1495969024.0,565246016.0,Undervalued
ALGN,Healthcare,3982621952,810888000.0,378398016,6214600000.0,119277000.0,3851985000.0,656124032.0,588808768.0,Undervalued
ALLE,Industrials,3979699968,961600000.0,640400000,4487800000.0,1999500000.0,1500700000.0,762700032.0,512487488.0,Undervalued
LNT,Utilities,4273999872,1864999936.0,818000000,22714000000.0,10406000000.0,7004000000.0,1154000000.0,-1113874944.0,Overvalued
ALL,Financial Services,66845999104,10065000448.0,8261000192,111617000000.0,8085000000.0,21442000000.0,8826000384.0,6504249856.0,Undervalued
GOOGL,Communication Services,385476001792,145174003712.0,124250996736,450256000000.0,25461000000.0,325084000000.0,151424008192.0,47997751296.0,Overvalued
GOOG,Communication Services,385476001792,145174003712.0,124250996736,450256000000.0,25461000000.0,325084000000.0,151424008192.0,47997751296.0,Overvalued
AMZN,Consumer Cyclical,691330023424,139696996352.0,76482002944,624894000000.0,130900000000.0,285970000000.0,130690998272.0,26080000000.0,Overvalued
AMCR,Consumer Cyclical,17400999936,2472999936.0,582000000,37066000000.0,15008000000.0,11728000000.0,1526000000.0,399375008.0,Overvalued
AEE,Utilities,8634999808,3544999936.0,1411000064,44598000000.0,18722000000.0,12114000000.0,3214000128.0,-2117750016.0,Undervalued
AEP,Utilities,21257000960,8757300224.0,3662099968,103078000000.0,45762800000.0,26943800000.0,6858200064.0,-4280337408.0,Undervalued
AIG,Financial Services,27120001024,8314999808.0,3304999936,161322000000.0,8922000000.0,42521000000.0,2803000064.0,9084624896.0,Undervalued
AMT,Real Estate,10454700032,6728300032.0,2938400000,61077400000.0,43954100000.0,3382200000.0,5235500032.0,4248437504.0,Undervalued
AWK,Utilities,5070000128,2760999936.0,1112000000,32830000000.0,14110000000.0,10332000000.0,2035000064.0,-1447250048.0,Overvalued
AMP,Financial Services,18513000448,,3625999872,181403000000.0,5472000000.0,5228000000.0,6037000192.0,2837250048.0,Undervalued
AME,Industrials,7164270080,2267057920.0,1468797952,14631169000.0,2134457000.0,9655304000.0,1767515008.0,1368788736.0,Overvalued
AMGN,Healthcare,35970998272,16481000448.0,7005000192,91839000000.0,60099000000.0,5877000000.0,13125999616.0,11408624640.0,Overvalued
APH,Technology,20973500416,6062700032.0,3820999936,21440200000.0,6886100000.0,9792000000.0,4499599872.0,2328112384.0,Overvalued
ADI,Technology,10386794496,4646811136.0,1957676032,48228277000.0,7649817000.0,35176317000.0,4162209024.0,3380657152.0,Overvalued
AON,Financial Services,17027999744,5432000000.0,2718000128,48965000000.0,17892000000.0,6121000000.0,3284000000.0,1896499968.0,Overvalued
APA,Energy,9376000000,5831000064.0,1508999936,19390000000.0,6162000000.0,5280000000.0,4773000192.0,3169250048.0,Undervalued
AAPL,Technology,416161005568,144748003328.0,112010002432,359241000000.0,98657000000.0,73733000000.0,111482003456.0,78862254080.0,Overvalued
AMAT,Technology,28367998976,8904999936.0,6998000128,34409000000.0,6606000000.0,19001000000.0,7958000128.0,3726625024.0,Undervalued
APTV,Consumer Cyclical,20152000512,3207000064.0,295000000,23458000000.0,8888000000.0,8796000000.0,2427000064.0,1664000000.0,Undervalued
ACGL,Financial Services,19542999040,5011999744.0,4056000000,70906000000.0,2728000000.0,20820000000.0,6341000192.0,6687499776.0,Undervalued
ADM,Consumer Defensive,83211001856,2519000064.0,1188999936,53271000000.0,11538000000.0,22168000000.0,6087000064.0,2467624960.0,Undervalued
AJG,Financial Services,12078600192,3440999936.0,1601200000,64255200000.0,13485200000.0,20153500000.0,1916300032.0,820150016.0,Overvalued
AIZ,Financial Services,12568699904,1410700032.0,848800000,35020600000.0,2083100000.0,5106700000.0,1265699968.0,988275008.0,Undervalued
T,Communication Services,124479995904,44331999232.0,22168000512,394795000000.0,140923000000.0,104372000000.0,40860000256.0,10321250304.0,Undervalued
ATO,Utilities,4702754816,2322277888.0,1198267008,28249522000.0,9303506000.0,13558890000.0,2049456000.0,-1818661632.0,Overvalued
ADSK,Technology,6605000192,1648999936.0,1043000000,10833000000.0,2559000000.0,2621000000.0,1924999936.0,2376999936.0,Overvalued
ADP,Technology,20903399424,6093100032.0,4136399872,53369300000.0,9065400000.0,6188000000.0,4757600256.0,4415287296.0,Undervalued
AVB,Real Estate,3065607936,1868945024.0,1166467968,21000737000.0,8250531000.0,11941092000.0,1599486976.0,1317851776.0,Undervalued
AVY,Consumer Cyclical,8769999872,1436099968.0,695600000,8404200000.0,3152200000.0,2312300000.0,855800000.0,666062528.0,Undervalued
AXON,Industrials,2557957120,71199000.0,257095008,4474588000.0,721672000.0,2327665000.0,244270000.0,248673872.0,Overvalued
BKR,Energy,27711000576,4697999872.0,2891000064,38363000000.0,6023000000.0,16895000000.0,3337999872.0,790000000.0,Undervalued
BALL,Consumer Cyclical,12693999616,1976000000.0,712000000,17628000000.0,5673000000.0,5862000000.0,551000000.0,128125000.0,Overvalued
BDX,Healthcare,21839998976,5634999808.0,1678000000,57286000000.0,20110000000.0,25889000000.0,3430000128.0,3111000064.0,Overvalued
BRK-B,Financial Services,372127989760,103864000512.0,67463000064,1153881000000.0,124762000000.0,649368000000.0,39397998592.0,48615874560.0,Overvalued
BBY,Consumer Cyclical,41598001152,2575000064.0,778000000,14782000000.0,4053000000.0,2808000000.0,2064000000.0,1149250048.0,Undervalued
TECH,Healthcare,1216732032,318480992.0,77948000,2557868000.0,444058000.0,1918808000.0,251252000.0,274297504.0,Overvalued
BIIB,Healthcare,10065899520,3409299968.0,1608499968,28049300000.0,6630300000.0,16716000000.0,2453600000.0,2137600000.0,Undervalued
BLK,Financial Services,22884999168,9027000320.0,6096000000,138615000000.0,14222000000.0,47495000000.0,4268000000.0,6554749952.0,Overvalued
XYZ,Technology,23973765120,1669601024.0,3135894016,36777595000.0,7918613000.0,21267932000.0,1972514048.0,241061248.0,Undervalued
BSX,Healthcare,19349000192,5071000064.0,2791000064,39395000000.0,11147000000.0,21770000000.0,4625999872.0,3065125120.0,Overvalued
BMY,Healthcare,48034000896,19217000448.0,6039000064,92603000000.0,51200000000.0,16335000000.0,16620999680.0,14718374912.0,Undervalued
AVGO,Technology,59925999616,32746000384.0,18812999680,165645000000.0,67566000000.0,67678000000.0,25437999104.0,23096750080.0,Overvalued
BR,Technology,7055600128,1743699968.0,925100032,8545000000.0,3459000000.0,2655200000.0,1339100032.0,1151874944.0,Overvalued
BRO,Financial Services,5350000128,1768000000.0,989000000,17612000000.0,4060000000.0,6420000000.0,1367000064.0,1150249984.0,Overvalued
BF-B,Consumer Defensive,3948000000,1212999936.0,844000000,8086000000.0,2733000000.0,3993000000.0,741000000.0,553875008.0,Overvalued
BLDR,Industrials,15653056512,1601420032.0,593963008,10583086000.0,4332825000.0,4296470000.0,1394555008.0,764492224.0,Undervalued
BG,Consumer Defensive,60109000704,2084000000.0,1326000000,24899000000.0,7119000000.0,9913000000.0,550000000.0,-7760625152.0,Undervalued
CHRW,Industrials,16504784896,871163008.0,600065984,5297926000.0,1741132000.0,1722051000.0,877035008.0,741496256.0,Overvalued
CDNS,Technology,5212625920,1882690944.0,1060961984,8974482000.0,2585076000.0,4673578000.0,1616644992.0,1384099840.0,Overvalued
CPT,Real Estate,1578428032,892785984.0,268553984,8852144000.0,3485591000.0,4675198000.0,782163968.0,727876608.0,Overvalued
CPB,Consumer Defensive,10252999680,1890000000.0,602000000,14896000000.0,7212000000.0,3902000000.0,1131000064.0,718875008.0,Undervalued
KMX,Consumer Cyclical,28279818240,1127292032.0,521065984,27404206000.0,19221977000.0,6242988000.0,1208061952.0,-429718112.0,Overvalued
CCL,Consumer Cyclical,26229999616,6976999936.0,2640999936,49057000000.0,28876000000.0,9252000000.0,5610999808.0,1938625024.0,Undervalued
CARR,Industrials,22058000384,3649999872.0,1379000064,37403000000.0,12710000000.0,14081000000.0,1604999936.0,2499749888.0,Overvalued
CAT,Industrials,64670998528,13957999616.0,9272999936,87764000000.0,38409000000.0,19491000000.0,11541000192.0,6289375232.0,Overvalued
CBOE,Financial Services,4617800192,1496999936.0,978200000,7789100000.0,1599300000.0,4279600000.0,690099968.0,987800000.0,Overvalued
CBRE,Real Estate,39324999680,2648999936.0,1228000000,24383000000.0,5694000000.0,8411000000.0,1678000000.0,1347250048.0,Overvalued
CDW,Technology,22099099648,1955900032.0,1051299968,14678400000.0,5991900000.0,2352700000.0,1116700032.0,921887488.0,Undervalued
COR,Healthcare,321332805632,4797896192.0,1554168960,67101667000.0,4388076000.0,645938000.0,3875120128.0,3451668736.0,Overvalued
CNP,Utilities,9114000384,3432000000.0,1036000000,43768000000.0,20963000000.0,10666000000.0,2600999936.0,-3115124992.0,Overvalued
CF,Basic Materials,6736000000,3033999872.0,1379000064,13466000000.0,3246000000.0,4985000000.0,2632999936.0,1361750016.0,Undervalued
CHTR,Communication Services,55098998784,22094000128.0,5120999936,150020000000.0,95763000000.0,15587000000.0,15776000000.0,2906874880.0,Undervalued
CVX,Energy,188687007744,37682999296.0,12768000000,256938000000.0,24541000000.0,152318000000.0,31844999168.0,15743875072.0,Undervalued
CMG,Consumer Cyclical,11787400192,2340452096.0,1536593024,9204374000.0,4540618000.0,3655546000.0,2214852096.0,1142371328.0,Overvalued
CB,Financial Services,58842001408,12673000448.0,9674999808,246548000000.0,15289000000.0,64021000000.0,13320999936.0,12573875200.0,Undervalued
CHD,Consumer Defensive,6141000192,1330200064.0,782499968,8883100000.0,2204600000.0,4360800000.0,1144300032.0,1012412480.0,Overvalued
CI,Healthcare,268077006848,11649999872.0,6146999808,155881000000.0,31972000000.0,41033000000.0,8664000512.0,8630625280.0,Undervalued
CINF,Financial Services,12078000128,2812999936.0,2122000000,36501000000.0,875000000.0,13935000000.0,2807000064.0,1700875008.0,Undervalued
CTAS,Industrials,10556716032,2778882048.0,1845040000,9825241000.0,2654481000.0,4684481000.0,2120029056.0,1492897024.0,Overvalued
CSCO,Technology,57696002048,15676000256.0,10328999936,122291000000.0,28093000000.0,46843000000.0,13744000000.0,12405999616.0,Overvalued
CLX,Consumer Defensive,6770999808,1224999936.0,791000000,5561000000.0,2880000000.0,321000000.0,853000000.0,861625024.0,Undervalued
CME,Financial Services,6385200128,4494099968.0,3716699904,137447000000.0,3428000000.0,26486900000.0,4161100032.0,2836375040.0,Overvalued
CMS,Utilities,8295000064,2992000000.0,1037000000,35920000000.0,16566000000.0,8230000000.0,2160000000.0,-1542625024.0,Overvalued
KO,Consumer Defensive,47663001600,16307000320.0,13031000064,100549000000.0,44522000000.0,24856000000.0,7602999808.0,1412875008.0,Overvalued
CTSH,Technology,20856999936,3777999872.0,2128000000,19966000000.0,1480000000.0,14408000000.0,2944999936.0,2306249984.0,Undervalued
COIN,Financial Services,7370428928,2399290112.0,3217709056,22541951000.0,4319870000.0,10276842000.0,325849984.0,-1097911808.0,Overvalued
CL,Consumer Defensive,20096999424,4812000256.0,2908000000,16046000000.0,8512000000.0,212000000.0,4014000128.0,2739249920.0,Overvalued
CMCSA,Communication Services,123310997504,38034001920.0,22606999552,266211000000.0,99093000000.0,85560000000.0,32881999872.0,4067249920.0,Undervalued
CAG,Consumer Defensive,11450500096,1967299968.0,850099968,20933900000.0,8067600000.0,8932700000.0,1543900032.0,1112912512.0,Undervalued
COP,Energy,61280002048,25422000128.0,8824000512,122780000000.0,24324000000.0,64796000000.0,19935000576.0,6092499968.0,Undervalued
ED,Utilities,16593000448,5948000256.0,2036000000,70562000000.0,27825000000.0,21962000000.0,4630000128.0,-85625000.0,Undervalued
STZ,Consumer Defensive,9624000512,3622599936.0,1222700032,21652300000.0,12113500000.0,6882000000.0,2769200128.0,2012125056.0,Undervalued
CEG,Utilities,24841000960,5948000256.0,2739000064,52926000000.0,8412000000.0,13166000000.0,2416000000.0,3059000064.0,Undervalued
COO,Healthcare,4045700096,1113100032.0,407800000,12315200000.0,2583700000.0,8083400000.0,816300032.0,276212512.0,Overvalued
CPRT,Industrials,4655158784,1980256000.0,1594077056,10090902000.0,103739000.0,9187033000.0,1852728960.0,1070628608.0,Undervalued
GLW,Technology,14915000320,3392000000.0,1366000000,27735000000.0,8091000000.0,10686000000.0,2265999872.0,1098875008.0,Overvalued
CPAY,Technology,4314608128,2255620096.0,1051297024,17957031000.0,7996080000.0,3122342000.0,1335835008.0,1306636800.0,Undervalued
CTVA,Basic Materials,17468999680,3759000064.0,1680999936,40825000000.0,2703000000.0,23789000000.0,3204000000.0,2547749888.0,Undervalued
CSGP,Real Estate,3056499968,157800000.0,20300000,9256800000.0,1150400000.0,7553500000.0,362500000.0,113800000.0,Overvalued
COST,Consumer Defensive,275235012608,12808999936.0,8098999808,77099000000.0,8173000000.0,29164000000.0,13335000064.0,5899125248.0,Overvalued
CTRA,Energy,6665999872,4407000064.0,1646000000,21625000000.0,3802000000.0,13122000000.0,3676999936.0,950875008.0,Undervalued
CSX,Industrials,14122999808,6537999872.0,2902000128,42764000000.0,18989000000.0,12502000000.0,4615000064.0,922249984.0,Undervalued
CMI,Industrials,33581000704,5238000128.0,2668000000,31540000000.0,7598000000.0,10271000000.0,3508999936.0,1640249984.0,Undervalued
CVS,Healthcare,391689994240,14753000448.0,469000000,253215000000.0,82920000000.0,75560000000.0,9109000192.0,6976625152.0,Overvalued
DHR,Healthcare,24267999232,7629000192.0,3503000064,77542000000.0,17146000000.0,49543000000.0,6318000128.0,4013874944.0,Overvalued
DRI,Consumer Cyclical,12364399616,1953600000.0,1101299968,12587000000.0,6229700000.0,2311300000.0,1767800064.0,758462528.0,Overvalued
DDOG,Technology,3211691008,6225000.0,106768000,5785339000.0,1842180000.0,2714363000.0,988294016.0,838500736.0,Overvalued
DVA,Healthcare,13317964800,2668084992.0,771915008,17285268000.0,12066836000.0,121122000.0,1893400960.0,956624000.0,Undervalued
DECK,Consumer Cyclical,5244322816,1312071040.0,1015500032,3570252000.0,276975000.0,2513013000.0,1066656000.0,784447232.0,Undervalued
DE,Industrials,44250001408,8454000128.0,5207000064,107320000000.0,65463000000.0,22836000000.0,8556000256.0,2331249920.0,Overvalued
DAL,Industrials,62919999488,8022000128.0,4629000192,75372000000.0,22771000000.0,15293000000.0,7976000000.0,2057874944.0,Undervalued
DVN,Energy,16554000384,7670000128.0,2719000064,30489000000.0,9203000000.0,14496000000.0,6840999936.0,2007000064.0,Undervalued
DXCM,Healthcare,4515899904,1022099968.0,720700032,6484500000.0,2587400000.0,2102600000.0,1448099968.0,783387520.0,Overvalued
FANG,Energy,14625999872,10597999616.0,4177999872,67292000000.0,13329000000.0,37736000000.0,8755999744.0,-2041874944.0,Undervalued
DLR,Real Estate,5841035776,2662960896.0,1358786944,45283616000.0,18008596000.0,21340397000.0,2462658048.0,2183965440.0,Overvalued
DG,Consumer Defensive,41651642368,3026481920.0,1191100032,31132733000.0,17463385000.0,7413707000.0,3158190080.0,1500179584.0,Undervalued
DLTR,Consumer Defensive,18551099392,2121900032.0,1101500032,18644000000.0,7830600000.0,3977400000.0,3073700096.0,2023337472.0,Overvalued
D,Utilities,15813000192,7664999936.0,2609999872,102415000000.0,41750000000.0,27253000000.0,5015000064.0,-9946749952.0,Undervalued
DASH,Consumer Cyclical,12634999808,1021000000.0,863000000,12845000000.0,536000000.0,7803000000.0,2528000000.0,-1816125056.0,Overvalued
DOV,Industrials,7923358208,1765272064.0,1061046016,12509160000.0,3153953000.0,6953996000.0,783721984.0,1207432064.0,Undervalued
DHI,Consumer Cyclical,34250399744,4772499968.0,3585200128,35471200000.0,6031100000.0,24190400000.0,3420900096.0,2173700096.0,Undervalued
DTE,Utilities,14821999616,3593999872.0,1382000000,48846000000.0,23241000000.0,11699000000.0,3444999936.0,-1633874944.0,Overvalued
DUK,Utilities,31235999744,15952000000.0,4921999872,186343000000.0,85230000000.0,50126000000.0,12049000448.0,-1939250048.0,Undervalued
DD,Basic Materials,12842999808,3280000000.0,726000000,36636000000.0,7171000000.0,23350000000.0,1900000000.0,-1093124992.0,Overvalued
EMN,Basic Materials,9024000000,1691000064.0,699000000,15213000000.0,5017000000.0,5779000000.0,1008000000.0,371375008.0,Undervalued
ETN,Industrials,26633000960,6115999744.0,3926000128,38381000000.0,9821000000.0,18488000000.0,4104000000.0,2315500032.0,Overvalued
EBAY,Consumer Cyclical,10714000384,2739000064.0,2151000064,19365000000.0,7863000000.0,5158000000.0,2052999936.0,1598749952.0,Undervalued
ECL,Basic Materials,15890400256,3809100032.0,1984600064,22387800000.0,8282700000.0,8757300000.0,2629199872.0,1397549952.0,Overvalued
EIX,Utilities,18087999488,7310000128.0,2951000064,85579000000.0,37761000000.0,15565000000.0,5398000128.0,-1152999936.0,Undervalued
EW,Healthcare,5883800064,1788400000.0,1342200064,13055300000.0,700000000.0,9998400000.0,1016800000.0,524500000.0,Overvalued
EA,Communication Services,7288000000,1567000064.0,885000000,12368000000.0,1951000000.0,6386000000.0,1872000000.0,1503500032.0,Overvalued
ELV,Healthcare,194819997696,8924000256.0,5533000192,116889000000.0,31232000000.0,41315000000.0,4912000000.0,5116000256.0,Undervalued
EMR,Industrials,18016000000,5040000000.0,2284999936,41964000000.0,13759000000.0,20282000000.0,3097999872.0,2741250048.0,Undervalued
ENPH,Technology,1512376960,281383008.0,195580000,3249676000.0,1308195000.0,833016000.0,256252992.0,141913744.0,Undervalued
ETR,Utilities,12730047488,5664671744.0,1808936960,64790032000.0,28918886000.0,15118908000.0,5312266752.0,-3257634304.0,Overvalued
EOG,Energy,22653999104,11760000000.0,5529999872,47186000000.0,5067000000.0,29351000000.0,10195000320.0,2926749952.0,Undervalued
EPAM,Technology,5297859072,695675008.0,371623008,4750473000.0,163254000.0,3629211000.0,502303008.0,568759616.0,Undervalued
EQT,Energy,7708868096,5210795008.0,1780542976,39830255000.0,9366055000.0,20597628000.0,4756840960.0,1615665408.0,Undervalued
EFX,Industrials,5943300096,1856600064.0,658499968,11759400000.0,5010500000.0,4796900000.0,1469699968.0,909025024.0,Overvalued
EQIX,Real Estate,9075999744,3900000000.0,1071000000,35085000000.0,18961000000.0,13528000000.0,3748000000.0,3821750016.0,Overvalued
EQR,Real Estate,3078827008,1877712000.0,1155692032,20834176000.0,8426642000.0,11044560000.0,1615955968.0,1397780608.0,Undervalued
ERIE,Financial Services,4040325120,814471232.0,647984000,2888614000.0,54325000.0,1987258000.0,708558016.0,409099616.0,Overvalued
ESS,Real Estate,1916711040,1233804032.0,846545984,12927359000.0,6654090000.0,5537046000.0,1058545024.0,943816256.0,Undervalued
EG,Financial Services,17677000704,,547000000,56341000000.0,3587000000.0,13876000000.0,4246000128.0,4658250240.0,Undervalued
EVRG,Utilities,5878799872,2709499904.0,849500032,32282100000.0,14069500000.0,9955000000.0,2106800000.0,-477237504.0,Undervalued
ES,Utilities,13148535808,4586080256.0,1343586048,59594529000.0,29114852000.0,15039387000.0,3839645952.0,103500128.0,Undervalued
EXC,Utilities,24316999680,8031000064.0,2820999936,107784000000.0,46649000000.0,26921000000.0,6435999744.0,-1639750016.0,Undervalued
EXE,Energy,10778999808,4529999872.0,867000000,27894000000.0,5751000000.0,17565000000.0,4000999936.0,2199749888.0,Undervalued
EXPE,Consumer Cyclical,14369999872,2179000064.0,1388000000,22388000000.0,6531000000.0,1557000000.0,3774000128.0,2561874944.0,Overvalued
EXPD,Industrials,11167760384,1160615040.0,845502976,4754458000.0,568937000.0,2223012000.0,972918016.0,743463488.0,Undervalued
EXR,Real Estate,3421972992,2260354048.0,947441984,28847926000.0,13027861000.0,13947535000.0,1890674944.0,880051136.0,Overvalued
XOM,Energy,326244990976,61694001152.0,29952999424,453475000000.0,41710000000.0,263705000000.0,51520000000.0,17292750848.0,Undervalued
FFIV,Technology,3088071936,884609024.0,692380032,5613004000.0,249564000.0,3129378000.0,949665984.0,792909248.0,Undervalued
FDS,Financial Services,2321747968,905993984.0,597040000,4304272000.0,1558509000.0,2186413000.0,726259968.0,519179872.0,Overvalued
FAST,Industrials,7997599744,1795299968.0,1226499968,4698000000.0,485400000.0,3616300000.0,1210599936.0,761350016.0,Overvalued
FRT,Real Estate,1257395968,798544000.0,337579008,8524757000.0,4561252000.0,3171594000.0,597126016.0,408558016.0,Overvalued
FIS,Technology,10464000000,3124999936.0,177000000,33784000000.0,11541000000.0,15698000000.0,2740999936.0,2390500096.0,Overvalued
FSLR,Technology,5050625024,2018718976.0,1400461952,12124361000.0,718802000.0,7977577000.0,1626208000.0,168763744.0,Undervalued
FE,Utilities,14282999808,4477000192.0,1330000000,52044000000.0,24023000000.0,12455000000.0,3608000000.0,-1898499968.0,Undervalued
FI,Technology,21159999488,9194000384.0,3607000064,77176000000.0,24956000000.0,27068000000.0,6338999808.0,4193125120.0,Undervalued
F,Consumer Cyclical,189587996672,9708000256.0,4705999872,285196000000.0,160862000000.0,44835000000.0,20426000384.0,3968624896.0,Undervalued
FTNT,Technology,6554699776,2170700032.0,1873600000,9763100000.0,994300000.0,1493800000.0,2448000000.0,1709100032.0,Overvalued
FTV,Technology,6260299776,1680899968.0,884800000,17016100000.0,3876900000.0,10188600000.0,1219500032.0,1297374976.0,Undervalued
FOXA,Communication Services,16474000384,3561999872.0,2035000064,23195000000.0,7465000000.0,11962000000.0,3036000000.0,2113874944.0,Undervalued
FOX,Communication Services,16474000384,3561999872.0,2035000064,23195000000.0,7465000000.0,11962000000.0,3036000000.0,2113874944.0,Undervalued
BEN,Financial Services,8770700288,1701299968.0,471700000,32368300000.0,13299900000.0,12077800000.0,1066099968.0,688124992.0,Undervalued
FCX,Basic Materials,26001999872,9562000384.0,2064999936,54848000000.0,9738000000.0,17581000000.0,6352999936.0,2113374976.0,Undervalued
GRMN,Technology,6943124992,1967053056.0,1570939008,9630527000.0,134886000.0,7848398000.0,1563463936.0,908814848.0,Undervalued
IT,Technology,6459774976,1313932032.0,885651968,8534671000.0,2900006000.0,1359169000.0,1331175936.0,1072338112.0,Undervalued
GE,Industrials,43949998080,11264000000.0,8054000128,123140000000.0,19273000000.0,19342000000.0,7552999936.0,5170500096.0,Overvalued
GEHC,Healthcare,20245999616,3625999872.0,2216000000,33089000000.0,9376000000.0,8446000000.0,1850000000.0,1485250048.0,Undervalued
GEV,Industrials,37669998592,2935000064.0,1704000000,51485000000.0,1043000000.0,9546000000.0,3428999936.0,2413625088.0,Overvalued
GEN,Technology,4472999936,1944000000.0,570000000,15495000000.0,8315000000.0,2269000000.0,1324000000.0,1076625024.0,Undervalued
GNRC,Industrials,4352443904,684027008.0,312870016,5109331000.0,1475737000.0,2494278000.0,588172992.0,227941872.0,Overvalued
GD,Industrials,51508998144,6240000000.0,4215000064,55880000000.0,10676000000.0,22063000000.0,5708000256.0,3506500096.0,Undervalued
GIS,Consumer Defensive,19156000768,3759699968.0,2908999936,33071100000.0,15296700000.0,9199200000.0,2691000064.0,2124150016.0,Undervalued
GM,Consumer Cyclical,187435008000,15704999936.0,4784999936,279761000000.0,130693000000.0,63072000000.0,24212000768.0,1771624960.0,Overvalued
GPC,Consumer Cyclical,24060899328,1930909056.0,808499008,19282705000.0,5742736000.0,4337407000.0,665715008.0,259586496.0,Overvalued
GILD,Healthcare,29087000576,14136000512.0,8110000128,58995000000.0,26711000000.0,19330000000.0,9667000320.0,8028000256.0,Undervalued
GPN,Industrials,10076184576,4384649216.0,1636066048,46890255000.0,16815381000.0,22280686000.0,3499917056.0,2422775808.0,Undervalued
GL,Financial Services,5940974080,1621281024.0,1150350976,29076181000.0,2739652000.0,5305520000.0,1382717056.0,1392902912.0,Undervalued
GDDY,Technology,4869799936,1218400000.0,828499968,8235400000.0,3894700000.0,692100000.0,1569299968.0,1217712512.0,Undervalued
HAL,Energy,22136999936,4195000064.0,1308999936,25587000000.0,8602000000.0,10506000000.0,3216999936.0,1968625024.0,Overvalued
HIG,Financial Services,27917000704,4866999808.0,3536999936,80917000000.0,4366000000.0,16447000000.0,5987999744.0,5641750016.0,Undervalued
HSIC,Healthcare,12938000384,1011000000.0,391000000,10218000000.0,2870000000.0,3393000000.0,535000000.0,285124992.0,Overvalued
HSY,Consumer Defensive,11489094656,2450479104.0,1359832960,12946861000.0,5447554000.0,4714654000.0,2292416000.0,1231904640.0,Overvalued
HPE,Technology,33074999296,4755999744.0,1136000000,71262000000.0,19816000000.0,24816000000.0,2484000000.0,-252500000.0,Overvalued
HOLX,Healthcare,4100499968,1351100032.0,565699968,9014900000.0,2626800000.0,5047900000.0,1057100032.0,807699968.0,Undervalued
HD,Consumer Cyclical,166189006848,25586999296.0,14581999616,96119000000.0,62290000000.0,6640000000.0,17649000448.0,9733999616.0,Overvalued
HON,Industrials,40669999104,9777999872.0,6128999936,75196000000.0,32225000000.0,18619000000.0,7485000192.0,5684125184.0,Undervalued
HRL,Consumer Defensive,12058590208,1291505024.0,754529984,13434729000.0,2858757000.0,7993420000.0,930966016.0,358622496.0,Undervalued
HST,Real Estate,5950000128,1603000064.0,738000000,13048000000.0,5643000000.0,6609000000.0,1298000000.0,1140625024.0,Undervalued
HWM,Industrials,7975000064,2244999936.0,1448000000,10519000000.0,3471000000.0,4554000000.0,1710000000.0,910000000.0,Overvalued
HUBB,Industrials,5686199808,1350400000.0,858400000,6679100000.0,1719600000.0,3268300000.0,1014700032.0,513700000.0,Undervalued
HUM,Healthcare,126362001408,3860999936.0,1291000064,46479000000.0,11721000000.0,16375000000.0,2044999936.0,1578249984.0,Undervalued
HII,Industrials,12012000256,1062000000.0,569000000,12141000000.0,3408000000.0,4666000000.0,937000000.0,505750016.0,Undervalued
IBM,Technology,65401999360,17767000064.0,7919000064,137175000000.0,58396000000.0,27307000000.0,13482999808.0,13460625408.0,Overvalued
IEX,Industrials,3421299968,917200000.0,478100000,6745300000.0,1986300000.0,3794700000.0,643500032.0,562675008.0,Undervalued
IDXX,Healthcare,4167410944,1437280000.0,1027425024,3293443000.0,986948000.0,1595313000.0,1088070016.0,675227520.0,Overvalued
ITW,Industrials,15882999808,4592999936.0,3025999872,15067000000.0,8078000000.0,3316000000.0,3276999936.0,2440999936.0,Undervalued
INCY,Healthcare,4813105152,1324280064.0,1188583040,5444322000.0,43544000.0,3447628000.0,1251415040.0,531249760.0,Undervalued
IR,Industrials,7458299904,1970899968.0,545100032,18009800000.0,4813800000.0,10179000000.0,1382899968.0,1151687552.0,Undervalued
PODD,Healthcare,2521799936,510900000.0,246200000,3087700000.0,1392100000.0,1211600000.0,533600000.0,215337504.0,Overvalued
INTC,Technology,53439000576,10437000192.0,198000000,196485000000.0,50011000000.0,99270000000.0,8574000128.0,-4420874752.0,Overvalued
ICE,Financial Services,9749999616,6071000064.0,3161999872,139428000000.0,20703000000.0,27647000000.0,4893000192.0,3630374912.0,Overvalued
IPG,Communication Services,8739500032,1713500032.0,545800000,18325800000.0,4254600000.0,3797400000.0,915200000.0,1086712448.0,Overvalued
IVZ,Financial Services,6278099968,1257500032.0,669200000,27008900000.0,7546400000.0,14559900000.0,1386400000.0,761225024.0,Undervalued
INVH,Real Estate,2689620992,1478686976.0,585596992,18700951000.0,8202302000.0,9756764000.0,1210387968.0,1083813760.0,Overvalued
IQV,Healthcare,15904000000,2926000128.0,1283000064,26899000000.0,14156000000.0,6067000000.0,2804000000.0,2455624960.0,Overvalued
JBHT,Industrials,12048818176,1566736000.0,572667008,8312270000.0,1477702000.0,4014505000.0,1610310016.0,354205888.0,Overvalued
JBL,Technology,29802000384,2120000000.0,657000000,18543000000.0,3366000000.0,1513000000.0,1640000000.0,1279874944.0,Overvalued
JKHY,Technology,2419044096,658918976.0,480543008,3043970000.0,68886000.0,2130832000.0,645198016.0,303682112.0,Undervalued
J,Industrials,12029783040,1265025024.0,314214016,11252535000.0,2709857000.0,3640807000.0,686704000.0,811144768.0,Undervalued
JNJ,Healthcare,92148998144,31921999872.0,25119000576,180104000000.0,36634000000.0,71490000000.0,24203999232.0,12008999936.0,Undervalued
JCI,Industrials,23595999232,3836999936.0,1720999936,37939000000.0,9880000000.0,12927000000.0,1399000064.0,2325625088.0,Overvalued
K,Consumer Defensive,12670000128,2291000064.0,1276999936,15628000000.0,6342000000.0,3775000000.0,1255000064.0,504000000.0,Overvalued
KVUE,Consumer Defensive,15006000128,3540999936.0,1432999936,25601000000.0,8719000000.0,9668000000.0,2136000000.0,1753374976.0,Undervalued
KDP,Consumer Defensive,16174000128,4298999808.0,1582000000,53430000000.0,17274000000.0,24243000000.0,2128000000.0,1392375040.0,Overvalued
KEYS,Technology,5242999808,1192999936.0,544000000,9269000000.0,2030000000.0,5105000000.0,1543000064.0,421624992.0,Overvalued
KMB,Consumer Defensive,19723999232,3910000128.0,1971000064,16546000000.0,7574000000.0,840000000.0,2622000128.0,1400875008.0,Overvalued
KIM,Real Estate,2123057024,1299628032.0,561379968,20309896000.0,8578375000.0,10652547000.0,1101185024.0,845290112.0,Undervalued
KMI,Energy,16416000000,6861000192.0,2712000000,71407000000.0,31669000000.0,30531000000.0,5735000064.0,906625024.0,Overvalued
KLAC,Technology,12524316672,5626762240.0,4236832000,16067926000.0,6088282000.0,4692453000.0,4248256000.0,2757365760.0,Overvalued
KR,Consumer Defensive,147000000512,8025999872.0,2705999872,52616000000.0,25082000000.0,8285000000.0,6017999872.0,2915749888.0,Undervalued
LHX,Industrials,21739999232,4076999936.0,1759000064,42001000000.0,12236000000.0,19514000000.0,2272999936.0,2759375104.0,Undervalued
LH,Healthcare,13765300224,1963500032.0,855200000,18379000000.0,7272800000.0,8052200000.0,1803500032.0,1123149952.0,Undervalued
LRCX,Technology,19591788544,6859485184.0,5810433024,21345260000.0,4484505000.0,9861619000.0,6383756800.0,4278629376.0,Overvalued
LW,Consumer Defensive,6456500224,1239800064.0,294100000,7392600000.0,4155300000.0,1737700000.0,890099968.0,471424992.0,Overvalued
LVS,Consumer Cyclical,12263999488,4255000064.0,1556000000,20666000000.0,13752000000.0,2884000000.0,2734000128.0,1360249984.0,Overvalued
LDOS,Technology,17332000768,2335000064.0,1404999936,13104000000.0,5291000000.0,4412000000.0,1506000000.0,751374976.0,Undervalued
LEN,Consumer Cyclical,34766213120,3651228928.0,2657505024,41312781000.0,4189239000.0,27870135000.0,-568169984.0,8794450944.0,Undervalued
LII,Industrials,5345299968,1160700032.0,841400000,3471800000.0,1488600000.0,850200000.0,684099968.0,299837504.0,Overvalued
LLY,Healthcare,59419799552,28728600576.0,18412099584,78714900000.0,33644200000.0,14192100000.0,16062199808.0,1397924992.0,Overvalued
LIN,Basic Materials,33504000000,13150000128.0,7093000192,80147000000.0,22609000000.0,38092000000.0,10129000448.0,3498374912.0,Overvalued
LYV,Communication Services,24569493504,2180762880.0,322208000,19638771000.0,8271741000.0,173263000.0,2494169088.0,2466385152.0,Overvalued
LKQ,Consumer Cyclical,14097000448,1640000000.0,696000000,14955000000.0,5609000000.0,6017000000.0,968000000.0,285750016.0,Undervalued
LMT,Industrials,73348997120,7256999936.0,4200000000,55617000000.0,20270000000.0,6333000000.0,6360999936.0,4426500096.0,Undervalued
L,Financial Services,18265999360,2912000000.0,1452000000,81943000000.0,8944000000.0,17066000000.0,3603000064.0,2510125056.0,Undervalued
LULU,Consumer Cyclical,10904036352,2976704000.0,1785750016,7603292000.0,1575791000.0,4324047000.0,1911771008.0,1018826496.0,Undervalued
MPC,Energy,133580996608,8293000192.0,2879000064,78858000000.0,28758000000.0,17745000000.0,7391000064.0,1757750016.0,Overvalued
MKTX,Financial Services,839262976,425404000.0,219528992,1789216000.0,72654000.0,1388660000.0,399755008.0,246013248.0,Overvalued
MMC,Financial Services,26453000192,7729999872.0,4127000064,56481000000.0,21862000000.0,13342000000.0,5087000064.0,4722874880.0,Overvalued
MLM,Basic Materials,6903000064,2326000128.0,1184000000,18170000000.0,5804000000.0,9453000000.0,1842000000.0,-444750016.0,Overvalued
MAS,Industrials,7597000192,1447000064.0,827000000,5016000000.0,3214000000.0,-280000000.0,1011000000.0,648000000.0,Undervalued
MA,Financial Services,31473999872,19612000256.0,14250000384,48081000000.0,18226000000.0,6485000000.0,17479999488.0,16258499584.0,Overvalued
MKC,Consumer Defensive,6787899904,1292400000.0,778000000,13070300000.0,4508500000.0,5291000000.0,878899968.0,481412512.0,Overvalued
MRK,Healthcare,64234999808,31523000320.0,19033999360,117106000000.0,37111000000.0,46313000000.0,17064999936.0,14527875072.0,Undervalued
META,Communication Services,189458006016,98399002624.0,58527997952,276054000000.0,49060000000.0,182637000000.0,107574001664.0,18617749504.0,Undervalued
MET,Financial Services,71932002304,5681999872.0,3633999872,677457000000.0,18715000000.0,27445000000.0,14627000320.0,-10518124544.0,Overvalued
MGM,Consumer Cyclical,17278978048,2313121024.0,67177000,42231627000.0,31610449000.0,3023481000.0,2545937920.0,726777856.0,Overvalued
MU,Technology,37377998848,18090000384.0,8538999808,82798000000.0,15278000000.0,54165000000.0,17525000192.0,-891500032.0,Undervalued
MSFT,Technology,293812011008,166436995072.0,104912003072,619003000000.0,60588000000.0,343479000000.0,147038994432.0,53327376384.0,Overvalued
MAA,Real Estate,2203401984,1238232064.0,552176000,11812369000.0,5007048000.0,5964361000.0,1055630016.0,920064512.0,Undervalued
MHK,Consumer Cyclical,10722899968,1321299968.0,421100000,12778600000.0,2628300000.0,7551400000.0,993600000.0,682712512.0,Undervalued
MOH,Healthcare,42842001408,1456999936.0,883000000,15630000000.0,3118000000.0,4496000000.0,-461000000.0,-186375008.0,Undervalued
MDLZ,Consumer Defensive,37645000704,5616999936.0,3531000064,68497000000.0,18372000000.0,26932000000.0,3576000000.0,1953750016.0,Undervalued
MPWR,Technology,2660968960,740320000.0,1895154048,3617097000.0,12974000.0,3145767000.0,900972992.0,490344384.0,Undervalued
MNST,Consumer Defensive,7975330816,2487678976.0,1726952960,7719089000.0,373951000.0,5957718000.0,2180463104.0,1592852480.0,Overvalued
MCO,Financial Services,7501000192,3579000064.0,2244000000,15505000000.0,7746000000.0,3565000000.0,2716999936.0,2067750016.0,Overvalued
MOS,Basic Materials,11894599680,2287200000.0,1229200000,22924000000.0,4449800000.0,11482400000.0,1100199936.0,192387504.0,Undervalued
MSI,Technology,11313000448,3344999936.0,2116000000,14595000000.0,6551000000.0,1703000000.0,2651000064.0,1947500032.0,Overvalued
NDAQ,Financial Services,8168000000,3007000064.0,1624999936,30395000000.0,9868000000.0,11191000000.0,2335000064.0,1804875008.0,Overvalued
NTAP,Technology,6590000128,1644000000.0,1171000064,10823000000.0,3491000000.0,1040000000.0,1838000000.0,1428375040.0,Undervalued
NFLX,Communication Services,43378786304,12969651200.0,10431287296,53630374000.0,15582804000.0,24743567000.0,9574524928.0,23363989504.0,Overvalued
NEM,Basic Materials,21503000576,12248999936.0,7186999808,56349000000.0,8972000000.0,29928000000.0,9223999488.0,9337749504.0,Undervalued
NWSA,Communication Services,8499999744,1148000000.0,474000000,15504000000.0,2940000000.0,8774000000.0,1148999936.0,671124992.0,Overvalued
NWS,Communication Services,8499999744,1148000000.0,474000000,15504000000.0,2940000000.0,8774000000.0,1148999936.0,671124992.0,Overvalued
NEE,Utilities,26296999936,14449999872.0,6503000064,190144000000.0,82333000000.0,50101000000.0,11966999552.0,-13650499584.0,Overvalued
NKE,Consumer Cyclical,46440001536,4196999936.0,2895000064,36579000000.0,11018000000.0,13213000000.0,3526000128.0,3629374976.0,Overvalued
NI,Utilities,6327099904,2755500032.0,893500032,31788100000.0,13960300000.0,8684200000.0,2189499904.0,-857825024.0,Overvalued
NDSN,Industrials,2784348928,838913984.0,455008000,6000966000.0,2320351000.0,2932192000.0,612644992.0,364837504.0,Overvalued
NSC,Industrials,12229999616,5678000128.0,2959000064,43682000000.0,17478000000.0,14306000000.0,4248999936.0,1376499968.0,Overvalued
NOC,Industrials,40928002048,6576999936.0,4019000064,49359000000.0,16490000000.0,15290000000.0,3438000128.0,2280375040.0,Undervalued
NCLH,Consumer Cyclical,9692558336,2542863872.0,663528000,19969811000.0,13100490000.0,1425439000.0,2029891968.0,-1316698496.0,Undervalued
NRG,Utilities,29778999296,3646000128.0,1374000000,24022000000.0,10991000000.0,2478000000.0,2742000128.0,1836625024.0,Overvalued
NUE,Basic Materials,31882999808,3976999936.0,1647000064,33940000000.0,6950000000.0,20294000000.0,3168000000.0,-737886976.0,Undervalued
NVDA,Technology,187141996544,112696000512.0,99198001152,111601000000.0,10270000000.0,79327000000.0,83158999040.0,53623873536.0,Overvalued
NVR,Consumer Cyclical,10582633472,1915858944.0,1433432960,6380988000.0,1020485000.0,4210072000.0,1318642048.0,1327048448.0,Undervalued
NXPI,Technology,12044999680,3996000000.0,2060999936,24385000000.0,10854000000.0,9183000000.0,2320000000.0,1663374976.0,Undervalued
OXY,Energy,26601000960,12693000192.0,1460000000,85445000000.0,27104000000.0,34159000000.0,11253999616.0,3033125120.0,Overvalued
ODFL,Industrials,5574922240,1751644032.0,1057377024,5491395000.0,59987000.0,4244588000.0,1460898944.0,742697600.0,Overvalued
OMC,Communication Services,16065300480,2581600000.0,1334599936,29620700000.0,6870800000.0,4193500000.0,1825799936.0,1739887488.0,Undervalued
ON,Technology,6187800064,1864499968.0,319100000,14089800000.0,3366900000.0,8796400000.0,1784999936.0,1275187456.0,Undervalued
OKE,Energy,31563999232,7376999936.0,3339000064,64069000000.0,32077000000.0,17036000000.0,5664000000.0,1428625024.0,Overvalued
ORCL,Technology,59017998336,24462999552.0,12440999936,168361000000.0,104104000000.0,20451000000.0,21533999104.0,-2832250112.0,Overvalued
PCAR,Industrials,29531500544,3823399936.0,2690899968,43418900000.0,15895000000.0,17506900000.0,4717199872.0,539500032.0,Overvalued
PKG,Consumer Cyclical,8771800064,1852700032.0,888200000,8833200000.0,2771500000.0,4404000000.0,1436300032.0,368400000.0,Undervalued
PLTR,Technology,3896163072,875796992.0,1095366016,6340884000.0,239219000.0,5003275000.0,1817505024.0,1180160000.0,Overvalued
PANW,Technology,9556500480,1382499968.0,1116899968,23576200000.0,338200000.0,7824400000.0,3976999936.0,3034449920.0,Overvalued
PSKY,Communication Services,28726999040,2678000128.0,-272000000,46172000000.0,15549000000.0,16320000000.0,600000000.0,15016500224.0,Overvalued
PH,Industrials,20029999104,5207000064.0,3640999936,29494000000.0,9285000000.0,13682000000.0,3814000128.0,3098715904.0,Overvalued
PAYX,Technology,5793200128,2628000000.0,1613699968,16564100000.0,5022300000.0,4128000000.0,2073200000.0,1686925056.0,Undervalued
PAYC,Technology,2001299968,524500000.0,453200000,5859900000.0,83400000.0,1575900000.0,643200000.0,370201504.0,Undervalued
PYPL,Financial Services,32861999104,6618999808.0,4917000192,81611000000.0,9879000000.0,20417000000.0,6425999872.0,3125625088.0,Undervalued
PNR,Industrials,4128399872,1080600064.0,654099968,6446500000.0,1767100000.0,3562900000.0,850499968.0,663275008.0,Undervalued
PEP,Consumer Defensive,92365996032,17016000512.0,7223000064,99467000000.0,44948000000.0,18041000000.0,11754999808.0,7137500160.0,Overvalued
PFE,Healthcare,62784999424,24458999808.0,9797000192,213396000000.0,63649000000.0,88203000000.0,13077000192.0,14302749696.0,Undervalued
PCG,Utilities,24761999360,9537999872.0,2598000128,133660000000.0,58343000000.0,30149000000.0,8688000000.0,-3355624960.0,Overvalued
PSX,Energy,131953000448,5269100032.0,1496999936,72582000000.0,20062000000.0,27408000000.0,3408000000.0,162437504.0,Overvalued
PNW,Utilities,5307180032,2029062016.0,594300992,26102760000.0,11048342000.0,6754311000.0,1767806976.0,-451426880.0,Undervalued
POOL,Industrials,5294666240,637102976.0,410089984,3368184000.0,1271923000.0,1273465000.0,456310016.0,293777248.0,Undervalued
PPG,Basic Materials,15690000384,2636999936.0,1271000064,19433000000.0,6395000000.0,6785000000.0,1400000000.0,930499968.0,Undervalued
PPL,Utilities,8979000320,3420000000.0,1090000000,41069000000.0,16806000000.0,14077000000.0,2592000000.0,-1277124992.0,Undervalued
PFG,Financial Services,15800800256,2175500032.0,1573500032,313663600000.0,4108000000.0,11086400000.0,4252000000.0,1430724992.0,Undervalued
PG,Consumer Defensive,84933001216,24721999872.0,16472999936,125231000000.0,35463000000.0,52012000000.0,18922999808.0,12200999936.0,Overvalued
PGR,Financial Services,85165998080,14092999680.0,10712999936,105745000000.0,6893000000.0,25591000000.0,17386000384.0,15078200320.0,Undervalued
PLD,Real Estate,9100544000,6452320256.0,3201500928,95328909000.0,31494568000.0,53951138000.0,5185649152.0,4712527872.0,Overvalued
PRU,Financial Services,57598001152,3515000064.0,2584000000,735587000000.0,21570000000.0,27872000000.0,5273999872.0,-9646874624.0,Overvalued
PEG,Utilities,11717999616,4433999872.0,2082000000,54640000000.0,153000000.0,13996000000.0,2944000000.0,-380875008.0,Undervalued
PTC,Technology,2739226112,1110578944.0,733996992,6383542000.0,1930326000.0,3214398000.0,867696000.0,823153024.0,Undervalued
PSA,Real Estate,4795182080,3379439104.0,1693004032,19754934000.0,9353034000.0,9712606000.0,3221481984.0,2303450112.0,Undervalued
PHM,Consumer Cyclical,17622999040,3504635904.0,2630353920,17363763000.0,2254513000.0,12121964000.0,1667731968.0,985862400.0,Undervalued
PWR,Industrials,27191171072,2462328064.0,1018048000,18683894000.0,4478957000.0,7317731000.0,1814419968.0,708255488.0,Overvalued
QCOM,Technology,44283998208,13996000256.0,5541000192,50143000000.0,14811000000.0,21206000000.0,14012000256.0,6856249856.0,Overvalued
DGX,Healthcare,10849999872,2140999936.0,963000000,16153000000.0,7087000000.0,6778000000.0,1884999936.0,1000875008.0,Undervalued
RL,Consumer Cyclical,7570599936,1307900032.0,854300032,7047300000.0,2668100000.0,2588500000.0,1089900032.0,512962496.0,Overvalued
RTX,Industrials,85987999744,14462000128.0,6592000000,162861000000.0,42893000000.0,60156000000.0,7962999808.0,4316125184.0,Overvalued
O,Real Estate,5614793216,5052203008.0,962116992,68835039000.0,26757140000.0,38840738000.0,3763282944.0,2043045248.0,Overvalued
REG,Real Estate,1576867968,995371008.0,397808000,12391961000.0,5018169000.0,6724146000.0,815129024.0,606015488.0,Overvalued
REGN,Healthcare,14247799808,4348000256.0,4577999872,37759400000.0,2704400000.0,29353600000.0,5071000064.0,3511000064.0,Undervalued
RSG,Industrials,16501999616,5160000000.0,2107000064,32402000000.0,12957000000.0,11405000000.0,4336999936.0,1969500032.0,Overvalued
RMD,Healthcare,5257399808,1938459008.0,1437904000,8174391000.0,851813000.0,5967859000.0,1883371008.0,1379738112.0,Undervalued
RVTY,Healthcare,2813367040,824412032.0,232495008,12392478000.0,3325805000.0,7666874000.0,575203008.0,527812640.0,Undervalued
ROK,Industrials,8342000128,1736000000.0,867000000,11219000000.0,3647000000.0,3654000000.0,1544000000.0,1287250048.0,Overvalued
ROL,Consumer Cyclical,3680305920,842540992.0,515939008,2819695000.0,812528000.0,1330593000.0,701521024.0,605310528.0,Overvalued
ROP,Technology,7720999936,3050800128.0,1570200064,31334700000.0,7669200000.0,18867600000.0,2524499968.0,2175612416.0,Undervalued
ROST,Consumer Cyclical,22027347968,3115994112.0,2085963008,14905332000.0,5682429000.0,5509195000.0,2787721984.0,1495496320.0,Overvalued
RCL,Consumer Cyclical,17436999680,6282999808.0,4065999872,37070000000.0,20820000000.0,7563000000.0,6309000192.0,633249984.0,Overvalued
SPGI,Financial Services,15011999744,7549000192.0,4216999936,60221000000.0,11933000000.0,33159000000.0,5642999808.0,4847499776.0,Overvalued
CRM,Technology,39502000128,11420000256.0,6663000064,102928000000.0,11392000000.0,61173000000.0,13169000448.0,13898874880.0,Undervalued
SLB,Energy,35247001600,7680000000.0,3644999936,48935000000.0,12074000000.0,21130000000.0,5873999872.0,2153999872.0,Overvalued
SRE,Utilities,13710999552,5543000064.0,2108999936,96155000000.0,35848000000.0,31242000000.0,4741000192.0,-23343874048.0,Overvalued
NOW,Technology,12666999808,2497999872.0,1731000064,20383000000.0,2278000000.0,9609000000.0,4840999936.0,3909874944.0,Overvalued
SHW,Basic Materials,23275599872,4341499904.0,2571800064,23632600000.0,11913300000.0,4051200000.0,3293600000.0,1919149952.0,Overvalued
SPG,Real Estate,6155274752,4549946880.0,2243237120,32405691000.0,24784778000.0,2941925000.0,4018359040.0,2034491136.0,Overvalued
SWKS,Technology,4086899968,974700032.0,477100000,7917000000.0,1203100000.0,5757100000.0,1300800000.0,1055275008.0,Undervalued
SW,Consumer Cyclical,31138000896,4457999872.0,748000000,43759000000.0,13595000000.0,17360000000.0,2977999872.0,1226499968.0,Undervalued
SNA,Industrials,5115400192,1394000000.0,1014300032,7896800000.0,1292800000.0,5394100000.0,1107100032.0,699225024.0,Undervalued
SOLV,Healthcare,8401999872,1259000064.0,1524000000,14457000000.0,8010000000.0,2959000000.0,493000000.0,587750016.0,Undervalued
SO,Utilities,28913000448,13813000192.0,4458999808,145180000000.0,66277000000.0,33208000000.0,9377999872.0,-2364624896.0,Overvalued
LUV,Industrials,27551000576,1684999936.0,379000000,33750000000.0,8058000000.0,10350000000.0,2023000064.0,-13625000.0,Overvalued
SWK,Industrials,15166300160,1492400000.0,438600000,21848900000.0,6229600000.0,8719900000.0,694600000.0,493750016.0,Undervalued
STLD,Basic Materials,17634670592,1933916032.0,1126855040,14935233000.0,3231007000.0,8934287000.0,1523693952.0,-151584752.0,Undervalued
STE,Healthcare,5702414848,1553245952.0,689324032,10146811000.0,2202540000.0,6603405000.0,1301387008.0,968027264.0,Overvalued
SYK,Healthcare,24380999680,6592000000.0,2943000064,42971000000.0,13597000000.0,20634000000.0,4832000000.0,3544375040.0,Overvalued
SMCI,Technology,21052575744,987361984.0,792812032,14018429000.0,4778842000.0,6301693000.0,333096992.0,-1515875.0,Overvalued
SNPS,Technology,6435303936,1311251968.0,1166705024,13073561000.0,684457000.0,8990702000.0,1441688064.0,2632420608.0,Overvalued
SYY,Consumer Defensive,82033999872,4462000128.0,1814000000,26774000000.0,14494000000.0,1830000000.0,2543000064.0,1612000000.0,Undervalued
TMUS,Communication Services,85846999040,32562999296.0,11870000128,208035000000.0,114404000000.0,61741000000.0,26844999680.0,7874874880.0,Overvalued
TROW,Financial Services,7205199872,2803500032.0,2030599936,13472000000.0,278700000.0,10345400000.0,1490200064.0,923412480.0,Undervalued
TPR,Consumer Cyclical,7207799808,1643699968.0,271400000,6580500000.0,3899200000.0,857800000.0,1209699968.0,867637504.0,Overvalued
TRGP,Energy,17378099200,4628199936.0,1615299968,22734100000.0,14265000000.0,2592400000.0,3739800064.0,-48325000.0,Overvalued
TGT,Consumer Defensive,105242001408,8473999872.0,3763000064,57769000000.0,19875000000.0,14666000000.0,6774000128.0,2853125120.0,Undervalued
TEL,Technology,17262000128,4206000128.0,1843000064,25081000000.0,5820000000.0,12585000000.0,4139000064.0,2103874944.0,Overvalued
TDY,Technology,6005400064,1449600000.0,817699968,14200500000.0,2649000000.0,9549400000.0,1144700032.0,664387520.0,Undervalued
TER,Technology,2859570944,638937024.0,443080000,3708714000.0,76621000.0,2819294000.0,675332992.0,322310016.0,Overvalued
TSLA,Consumer Cyclical,95632998400,10768000000.0,5079000064,122070000000.0,13623000000.0,72913000000.0,15747999744.0,2979249920.0,Overvalued
TXN,Technology,17265999872,7815000064.0,5016000000,35509000000.0,13596000000.0,16903000000.0,6896999936.0,-684249984.0,Overvalued
TPL,Energy,772395008,642948992.0,476390016,1248020000.0,453000.0,1132465000.0,558814016.0,92442376.0,Overvalued
TXT,Industrials,14236999680,1574000000.0,828000000,16838000000.0,3588000000.0,7204000000.0,1058000000.0,727500032.0,Undervalued
TMO,Healthcare,43735998464,10835000320.0,6569999872,97321000000.0,31275000000.0,49585000000.0,7650999808.0,4696750080.0,Overvalued
TJX,Consumer Cyclical,58979000320,7900000256.0,5119000064,31749000000.0,12778000000.0,8393000000.0,6421000192.0,3408875008.0,Overvalued
TKO,Communication Services,2545175040,1053009024.0,228783008,12699936000.0,3035377000.0,4091023000.0,1029259008.0,542332032.0,Overvalued
TTD,Communication Services,2790504960,619692992.0,438583008,6111951000.0,312215000.0,2949145000.0,880532992.0,543604096.0,Overvalued
TSCO,Consumer Cyclical,15399257088,1974310016.0,1105085952,9805485000.0,5424448000.0,2270334000.0,1827650048.0,812693632.0,Overvalued
TT,Industrials,21051400192,4206899968.0,2950400000,20146700000.0,4770300000.0,7457400000.0,2935500032.0,1928337536.0,Overvalued
TRV,Financial Services,48404000768,8375000064.0,5831000064,133189000000.0,8033000000.0,27864000000.0,9985000448.0,14582375424.0,Undervalued
TRMB,Technology,3600900096,778000000.0,357600000,9488300000.0,1514000000.0,5745300000.0,341000000.0,567412480.0,Overvalued
TYL,Technology,2298291968,461080992.0,315292992,5180015000.0,638368000.0,3388422000.0,634433984.0,474560640.0,Overvalued
TSN,Consumer Defensive,54441000960,2828000000.0,474000000,36658000000.0,8830000000.0,18085000000.0,2155000064.0,1187500032.0,Undervalued
UBER,Technology,49609998336,5290999808.0,16640000000,51244000000.0,11126000000.0,21558000000.0,8965999616.0,6787375104.0,Undervalued
UDR,Real Estate,1742477056,1020492032.0,144932992,10897586000.0,6009240000.0,3443205000.0,882016000.0,912611904.0,Overvalued
ULTA,Consumer Cyclical,11654554624,1861335040.0,1201376000,6001693000.0,1923234000.0,2488353000.0,1296269056.0,845920768.0,Undervalued
UNP,Industrials,24546000896,12469999616.0,7052000256,67715000000.0,32463000000.0,16890000000.0,9726999552.0,4491375104.0,Undervalued
UAL,Industrials,58368999424,8080000000.0,3294000128,74083000000.0,33633000000.0,12675000000.0,9368999936.0,2282625024.0,Undervalued
UPS,Industrials,89483001856,11601000448.0,5502000128,70070000000.0,25652000000.0,16718000000.0,8463000064.0,3183124992.0,Undervalued
URI,Industrials,15985999872,4506999808.0,2529999872,28163000000.0,14789000000.0,8622000000.0,4982000128.0,1980625024.0,Undervalued
UNH,Healthcare,435159007232,29241999360.0,17589000192,298278000000.0,76904000000.0,92658000000.0,20957999104.0,17768749056.0,Undervalued
UHS,Healthcare,16992502784,2554619904.0,1375251968,14469749000.0,4955429000.0,6666207000.0,1948141056.0,839419520.0,Undervalued
VLO,Energy,116552998912,6253000192.0,1491000064,60143000000.0,11540000000.0,24512000000.0,4839000064.0,3453750016.0,Overvalued
VTR,Real Estate,5544046080,2111063040.0,238014000,26186906000.0,13740554000.0,10771267000.0,1548704000.0,1068934720.0,Overvalued
VLTO,Industrials,5452000256,1348000000.0,913000000,6406000000.0,2767000000.0,2038000000.0,1051000000.0,856750016.0,Overvalued
VRSK,Industrials,3029499904,1489699968.0,914700032,4264700000.0,3245800000.0,100100000.0,1348099968.0,901662528.0,Overvalued
VZ,Communication Services,137491005440,50194001920.0,19836999680,384711000000.0,168357000000.0,99237000000.0,38455001088.0,15382375424.0,Undervalued
VRTX,Healthcare,11723299840,4711799808.0,3675099904,22533200000.0,1749500000.0,16409600000.0,3718000128.0,2913550080.0,Overvalued
VICI,Real Estate,3969078016,3668513024.0,2785319936,45368940000.0,17650085000.0,26537955000.0,2462144000.0,1279214592.0,Undervalued
V,Financial Services,40000000000,28028000256.0,19853000704,99627000000.0,25171000000.0,37909000000.0,23058999296.0,20072873984.0,Overvalued
VST,Utilities,17191000064,5206000128.0,960000000,37770000000.0,17364000000.0,5570000000.0,3991000064.0,1847000064.0,Overvalued
VMC,Basic Materials,7882200064,2332199936.0,1125200000,17104800000.0,5828800000.0,8118600000.0,1710099968.0,931337472.0,Overvalued
WRB,Financial Services,14654011392,2637189888.0,1905992960,40567268000.0,2840966000.0,8395111000.0,3397517056.0,3519085568.0,Undervalued
GWW,Industrials,17749999616,2976999936.0,1730000000,8829000000.0,3183000000.0,3358000000.0,2048000000.0,1084375040.0,Undervalued
WAB,Industrials,10785000448,2324999936.0,1176000000,18702000000.0,3980000000.0,10091000000.0,1490000000.0,1084999936.0,Undervalued
WMT,Consumer Defensive,703060967424,42713001984.0,22909999104,260823000000.0,60114000000.0,91013000000.0,40976998400.0,10394749952.0,Overvalued
DIS,Communication Services,94424997888,19419000832.0,12403999744,197514000000.0,44877000000.0,109869000000.0,18101000192.0,6932624896.0,Undervalued
WBD,Communication Services,37862998016,7758000128.0,489000000,104560000000.0,39505000000.0,34037000000.0,5230000128.0,17222625280.0,Overvalued
WM,Industrials,24783998976,7277000192.0,2564000000,44567000000.0,23900000000.0,8252000000.0,5856000000.0,1471250048.0,Overvalued
WAT,Healthcare,3105637888,1067278016.0,648812992,4553795000.0,1702342000.0,1828507000.0,728140992.0,450262752.0,Overvalued
WEC,Utilities,9547200512,3771899904.0,1694400000,47363200000.0,20327000000.0,12425400000.0,3536600064.0,-1424775040.0,Undervalued
WELL,Real Estate,9907853312,3752058880.0,960374976,51044308000.0,16758356000.0,31956208000.0,2786560000.0,-2739590656.0,Overvalued
WST,Healthcare,3017900032,801400000.0,491700000,3643400000.0,302300000.0,2682300000.0,693800000.0,251187504.0,Overvalued
WY,Real Estate,7072000000,1020000000.0,331000000,16536000000.0,5105000000.0,9721000000.0,894000000.0,-15875000.0,Overvalued
WSM,Consumer Cyclical,7911904768,1700776960.0,1131134976,5301607000.0,1347315000.0,2142419000.0,1351443968.0,931975488.0,Undervalued
WMB,Energy,11582000128,6296000000.0,2367000064,54532000000.0,26937000000.0,12436000000.0,5539999744.0,485000000.0,Overvalued
WTW,Financial Services,9806999552,2632000000.0,2116000000,27681000000.0,5931000000.0,7940000000.0,1603000064.0,1958125056.0,Undervalued
WDAY,Technology,8958999552,1107000064.0,583000000,17977000000.0,3362000000.0,9034000000.0,2591000064.0,2457999872.0,Overvalued
XEL,Utilities,14227999744,5693000192.0,1915000064,70035000000.0,30208000000.0,19522000000.0,4537999872.0,-5284624896.0,Overvalued
XYL,Industrials,8894000128,1854000000.0,948000000,16493000000.0,2125000000.0,10642000000.0,1272999936.0,960000000.0,Overvalued
ZBRA,Technology,5255000064,974000000.0,512000000,7968000000.0,2362000000.0,3586000000.0,866000000.0,710499968.0,Undervalued
ZBH,Healthcare,8010899968,2640499968.0,805299968,21365300000.0,6204600000.0,12468100000.0,1686000000.0,1169887488.0,Undervalued
ZTS,Healthcare,9397000192,3991000064.0,2651000064,14237000000.0,6744000000.0,4770000000.0,2916000000.0,2158874880.0,Overvalued
